Submission id,Participant id,Status,Custom study tncs accepted at,Started at,Completed at,Reviewed at,Archived at,Time taken,Completion code,Total approvals,Climate change,Age,Sex,Ethnicity simplified,Country of birth,Country of residence,Nationality,Language,Student status,Employment status
6661faacb9b110fb263753db,6628591817056f60a12cb03b,APPROVED,Not Applicable,2024-06-06T18:06:42.857000Z,2024-06-06T18:25:03.007000Z,2024-06-07T18:44:04.314000Z,2024-06-06T18:25:22.483023Z,1101.0,CWCSHZAX,8,No,31,Male,White,United States,United States,United States,English,No,Part-Time
6661fd95bb740ebb1592c827,65537dbd2756066036592c3f,APPROVED,Not Applicable,2024-06-06T18:19:07.124000Z,2024-06-06T18:54:10.916000Z,2024-06-07T18:44:04.661000Z,2024-06-06T18:54:17.526681Z,2104.0,CWCSHZAX,746,Don't know,26,Male,White,United States,United States,United States,English,DATA_EXPIRED,Full-Time
6661fe41427a8712108710dc,6489fae0691611ad1852bcf6,RETURNED,Not Applicable,2024-06-06T18:22:00.363000Z,,,2024-06-26T18:43:57.357100Z,,,828,CONSENT_REVOKED,CONSENT_REVOKED,CONSENT_REVOKED,CONSENT_REVOKED,CONSENT_REVOKED,CONSENT_REVOKED,CONSENT_REVOKED,CONSENT_REVOKED,CONSENT_REVOKED,CONSENT_REVOKED
6661ff0f83d74c4ce554651e,661d441d72e2d88c5ce0994c,APPROVED,Not Applicable,2024-06-06T18:25:26.438000Z,2024-06-06T18:36:22.159000Z,2024-06-07T18:44:04.921000Z,2024-06-06T18:36:22.736719Z,656.0,CWCSHZAX,40,Don't know,51,Female,White,United States,United States,United States,English,No,Full-Time
66620007b9b110fb26375542,5cc78069714158000168f17f,APPROVED,Not Applicable,2024-06-06T18:29:33.211000Z,2024-06-06T18:43:43.817000Z,2024-06-07T18:44:05.240000Z,2024-06-06T18:43:44.209691Z,851.0,CWCSHZAX,1613,Don't know,36,Female,White,United States,United States,United States,English,No,Full-Time
666201724a9e6c43497fb728,61005ab8b6704a8db3e98906,APPROVED,Not Applicable,2024-06-06T18:35:38.706000Z,2024-06-06T18:45:27.246000Z,2024-06-07T18:44:05.470000Z,2024-06-06T18:45:27.688691Z,589.0,CWCSHZAX,398,Don't know,46,Male,White,United States,United States,United States,English,No,Full-Time
6662019e3e928ee1cc33cf5f,6101aae23efe687ec3d4a2eb,APPROVED,Not Applicable,2024-06-06T18:36:17.271000Z,2024-06-06T18:45:44.751000Z,2024-06-07T18:44:05.702000Z,2024-06-06T18:45:45.312900Z,568.0,CWCSHZAX,2312,No,23,Female,Other,Brazil,United States,Brazil,Portuguese,Yes,Part-Time
666202c0511e9c0f471b0ac2,655c1c7fe949a617a358ad37,APPROVED,Not Applicable,2024-06-06T18:41:08.608000Z,2024-06-06T18:48:40.105000Z,2024-06-07T18:44:05.921000Z,2024-06-06T18:51:06.313306Z,452.0,CWCSHZAX,90,No,45,Male,White,United States,United States,United States,English,No,Full-Time
666202df84a387f1ddd7a3f8,63e63f77c742a91baf498dd0,APPROVED,Not Applicable,2024-06-06T18:41:40.216000Z,2024-06-06T18:53:02.929000Z,2024-06-07T18:44:06.565000Z,2024-06-06T18:54:13.835732Z,683.0,CWCSHZAX,3320,No,35,Female,White,United States,United States,United States,English,DATA_EXPIRED,DATA_EXPIRED
666202f87e2840ac11ca8c3a,615993153e17441c2e8d6c92,APPROVED,Not Applicable,2024-06-06T18:42:05.545000Z,2024-06-06T18:49:40.214000Z,2024-06-07T18:44:06.815000Z,2024-06-06T18:51:42.488284Z,455.0,CWCSHZAX,622,No,39,Female,White,United States,United States,United States,English,Yes,Full-Time
66620319383da73c43877330,665fb0f5405c1da6eb29b110,APPROVED,Not Applicable,2024-06-06T18:42:41.569000Z,2024-06-06T19:07:02.277000Z,2024-06-07T18:44:07.051000Z,2024-06-06T19:07:03.400266Z,1461.0,CWCSHZAX,16,Don't know,22,Male,Other,United States,United States,United States,English,Yes,Unemployed (and job seeking)
666203aac261a54942246b86,615239af65358edf57e7a095,APPROVED,Not Applicable,2024-06-06T18:45:17.336000Z,2024-06-06T18:56:35.946000Z,2024-06-07T18:44:07.296000Z,2024-06-06T18:56:36.465806Z,679.0,CWCSHZAX,1992,No,31,Female,Mixed,United States,United States,United States,English,No,Full-Time
666203d41ee7a982014dffb9,657907698463fd17efdc81b7,APPROVED,Not Applicable,2024-06-06T18:45:47.369000Z,2024-06-06T19:07:58.841000Z,2024-06-07T18:44:07.520000Z,2024-06-06T19:08:11.938717Z,1332.0,CWCSHZAX,612,No,55,Female,White,United States,United States,United States,English,No,Part-Time
666203f04bbff0760da4e060,664218e510e790cd8414d32c,APPROVED,Not Applicable,2024-06-06T18:46:12.297000Z,2024-06-06T19:19:51.979000Z,2024-06-07T18:44:07.786000Z,2024-06-06T19:19:58.826337Z,2020.0,CWCSHZAX,20,No,24,Male,White,United States,United States,United States,English,No,Other
66620433b7db2b00f772128a,608b3a030c86f58ffd351d63,APPROVED,Not Applicable,2024-06-06T18:47:18.275000Z,2024-06-06T18:54:57.636000Z,2024-06-07T18:44:08.013000Z,2024-06-06T18:54:58.199242Z,460.0,CWCSHZAX,1805,No,35,Male,White,France,United States,France,French,No,Full-Time
666205935e0c216230d310b1,564f489b9b124900127ec16f,APPROVED,Not Applicable,2024-06-06T18:53:29.830000Z,2024-06-06T19:01:36.078000Z,2024-06-07T18:44:08.238000Z,2024-06-06T19:01:36.989595Z,487.0,CWCSHZAX,601,Don't know,35,Female,Black,United States,United States,United States,English,No,Full-Time
666205a3ddcb3e96b18d49b2,65ca89f0bf4889dc31c259b9,RETURNED,Not Applicable,2024-06-06T18:53:29.663000Z,2024-06-06T19:11:48.842000Z,,2024-06-26T18:43:57.365142Z,,CWCSHZAX,389,CONSENT_REVOKED,CONSENT_REVOKED,CONSENT_REVOKED,CONSENT_REVOKED,CONSENT_REVOKED,CONSENT_REVOKED,CONSENT_REVOKED,CONSENT_REVOKED,CONSENT_REVOKED,CONSENT_REVOKED
666205abf8cff88117543ae2,65f0d043187d80bcda1997c6,APPROVED,Not Applicable,2024-06-06T18:53:38.378000Z,2024-06-06T19:13:43.006000Z,2024-06-07T18:44:08.497000Z,2024-06-06T19:14:10.659140Z,1205.0,CWCSHZAX,301,Don't know,31,Female,White,Nicaragua,United States,Nicaragua,Spanish,No,Full-Time
666205ac24e026748f41bd08,622a5d3bbefce4aad4fd640a,APPROVED,Not Applicable,2024-06-06T18:53:37.379000Z,2024-06-06T19:03:58.337000Z,2024-06-07T18:44:08.776000Z,2024-06-06T19:03:59.690055Z,621.0,CWCSHZAX,1995,Don't know,57,Female,White,United States,United States,United States,English,No,"Not in paid work (e.g. homemaker', 'retired or disabled)"
666205cccbd0992fc4079d1e,664e2d4a26686cecdfd660eb,APPROVED,Not Applicable,2024-06-06T18:54:08.771000Z,2024-06-06T19:03:55.800000Z,2024-06-07T18:44:09.039000Z,2024-06-06T19:03:59.338193Z,588.0,CWCSHZAX,36,Don't know,27,Male,White,United States,United States,United States,English,Yes,Part-Time
666205d65472c3640090c4a2,5dd0f134670d1a1a46632755,APPROVED,Not Applicable,2024-06-06T18:54:20.842000Z,2024-06-06T19:20:47.671000Z,2024-06-07T18:44:09.262000Z,2024-06-06T19:21:50.152107Z,1587.0,CWCSHZAX,1650,Don't know,76,Female,White,United States,United States,United States,English,No,"Not in paid work (e.g. homemaker', 'retired or disabled)"
666205e74cbacf8a8f9eaf40,622a11c552b2b35bab72a39c,APPROVED,Not Applicable,2024-06-06T19:00:17.590000Z,2024-06-06T19:11:46.452000Z,2024-06-07T18:44:09.491000Z,2024-06-06T19:13:25.936791Z,689.0,CWCSHZAX,4254,No,64,Male,White,United States,United States,United States,English,No,Part-Time
666205e8e4bde838531ff4fb,663a8fcd88506365c2f6a5de,APPROVED,Not Applicable,2024-06-06T18:56:07.060000Z,2024-06-06T19:22:56.795000Z,2024-06-07T18:44:09.729000Z,2024-06-06T19:24:29.142016Z,1610.0,CWCSHZAX,26,No,44,Male,Other,United States,United States,United States,English,No,Other
666206af4cbacf8a8f9eaf79,5f81fc9446ee002f681ea5e3,APPROVED,Not Applicable,2024-06-06T18:57:57.689000Z,2024-06-06T19:42:31.964000Z,2024-06-07T18:44:09.960000Z,2024-06-06T19:43:11.983102Z,2675.0,CWCSHZAX,1201,Don't know,29,Female,White,United States,United States,United States,English,DATA_EXPIRED,Part-Time
666206b7c143ca548bcaac34,606225a0233eebc416fcdb08,APPROVED,Not Applicable,2024-06-06T18:58:03.502000Z,2024-06-06T19:08:40.598000Z,2024-06-07T18:44:10.174000Z,2024-06-06T19:08:41.110446Z,638.0,CWCSHZAX,726,No,70,Male,White,United States,United States,Puerto Rico,Spanish,No,"Not in paid work (e.g. homemaker', 'retired or disabled)"
666206cb49e6c72d923b8a8b,66295984f7421d4dc66c577c,APPROVED,Not Applicable,2024-06-06T18:58:27.133000Z,2024-06-06T19:12:54.584000Z,2024-06-07T18:44:10.435000Z,2024-06-06T19:13:57.227143Z,868.0,CWCSHZAX,173,Don't know,49,Female,White,United States,United States,United States,English,No,Full-Time
666206ee4b8a6b6230304417,5c239f96da51990001e21d97,APPROVED,Not Applicable,2024-06-06T18:59:00.058000Z,2024-06-06T19:16:15.456000Z,2024-06-07T18:44:10.713000Z,2024-06-06T19:16:16.926051Z,1036.0,CWCSHZAX,3883,Don't know,77,Male,White,United States,United States,United States,English,No,"Not in paid work (e.g. homemaker', 'retired or disabled)"
66620753aa79e7666778a8c8,664de00831e4cbd893d0e90e,APPROVED,Not Applicable,2024-06-06T19:00:40.816000Z,2024-06-06T19:08:46.423000Z,2024-06-07T18:44:10.942000Z,2024-06-06T19:08:48.241812Z,486.0,CWCSHZAX,8,No,36,Female,White,United States,United States,United States,English,No,"Not in paid work (e.g. homemaker', 'retired or disabled)"
6662078c6cf0a24e5c030ae5,6630e8443eeb2f75bb090c67,APPROVED,Not Applicable,2024-06-06T19:01:52.534000Z,2024-06-06T19:23:33.589000Z,2024-06-07T18:44:11.171000Z,2024-06-06T19:24:38.259974Z,1302.0,CWCSHZAX,84,No,38,Female,Black,United States,United States,United States,English,No,Unemployed (and job seeking)
66620790f154932b45ce75fe,5e9746fb1eed951eed404015,APPROVED,Not Applicable,2024-06-06T19:01:42.859000Z,2024-06-06T19:12:26.146000Z,2024-06-07T18:44:11.443000Z,2024-06-06T19:13:44.005435Z,644.0,CWCSHZAX,5523,No,32,Female,Other,United States,United States,United States,English,DATA_EXPIRED,Full-Time
666207b847e15ebf4719bb60,5661bce973ac87001180413a,RETURNED,Not Applicable,2024-06-06T19:02:20.818000Z,,,2024-06-26T18:43:57.368871Z,,,481,CONSENT_REVOKED,CONSENT_REVOKED,CONSENT_REVOKED,CONSENT_REVOKED,CONSENT_REVOKED,CONSENT_REVOKED,CONSENT_REVOKED,CONSENT_REVOKED,CONSENT_REVOKED,CONSENT_REVOKED
666207c1ec2361444471680a,6634810ac34080482906dad9,APPROVED,Not Applicable,2024-06-06T19:04:52.544000Z,2024-06-06T19:15:30.861000Z,2024-06-07T18:44:11.679000Z,2024-06-06T19:15:31.486340Z,639.0,CWCSHZAX,13,Don't know,43,Female,White,United States,United States,United States,English,No,Full-Time
666207c2684be68af03d2986,65cb89b224d1ce70d4af9dd9,APPROVED,Not Applicable,2024-06-06T19:02:31.077000Z,2024-06-06T19:11:24.627000Z,2024-06-07T18:44:11.932000Z,2024-06-06T19:13:14.899854Z,534.0,CWCSHZAX,191,No,26,Female,Asian,United States,United States,United States,English,No,Unemployed (and job seeking)
666207e7107cf8ff6cb192ec,5e6587b808c2ef31e7025e80,APPROVED,Not Applicable,2024-06-06T19:03:10.592000Z,2024-06-06T19:12:00.122000Z,2024-06-07T18:44:12.187000Z,2024-06-06T19:13:32.351699Z,530.0,CWCSHZAX,390,Don't know,34,Female,Black,United States,United States,United States,English,No,Part-Time
666208013bd19415ad8545e7,63d475f2b52ddc6fbab9ce52,APPROVED,Not Applicable,2024-06-06T19:03:34.319000Z,2024-06-06T19:19:48.899000Z,2024-06-07T18:44:12.435000Z,2024-06-06T19:19:55.564473Z,975.0,CWCSHZAX,1312,Don't know,56,Female,Mixed,Dominican Republic,United States,Dominican Republic,Spanish,No,"Not in paid work (e.g. homemaker', 'retired or disabled)"
666208511dec32358dae8410,63d3f95e93b636344cf403d9,APPROVED,Not Applicable,2024-06-06T19:04:52.605000Z,2024-06-06T19:12:59.771000Z,2024-06-07T18:44:12.670000Z,2024-06-06T19:13:59.220238Z,488.0,CWCSHZAX,2245,No,23,Male,White,United States,United States,United States,English,DATA_EXPIRED,DATA_EXPIRED
666208c23e928ee1cc33d115,64c006c43b26c6796d9f6a23,APPROVED,Not Applicable,2024-06-06T19:06:46.370000Z,2024-06-06T19:14:23.112000Z,2024-06-07T18:44:12.914000Z,2024-06-06T19:14:24.087813Z,457.0,CWCSHZAX,2024,Don't know,60,Female,White,United States,United States,United States,English,No,"Not in paid work (e.g. homemaker', 'retired or disabled)"
6662090f7f69f5f09072142d,642c4f6e95f13dc4c1b54712,APPROVED,Not Applicable,2024-06-06T19:08:09.280000Z,2024-06-06T19:19:27.601000Z,2024-06-07T18:44:13.123000Z,2024-06-06T19:19:28.086323Z,679.0,CWCSHZAX,1244,Don't know,50,Male,White,United States,United States,United States,English,No,Unemployed (and job seeking)
6662091f114f99c089dcfe47,642c9e92b3a29facaa9f48a0,APPROVED,Not Applicable,2024-06-06T19:08:19.630000Z,2024-06-06T19:22:57.818000Z,2024-06-07T18:44:13.371000Z,2024-06-06T19:24:29.685960Z,879.0,CWCSHZAX,984,No,56,Male,White,United States,United States,United States,English,Yes,Full-Time
666209536e8ccafc7327b515,600f4361d8ad4b1021236a24,APPROVED,Not Applicable,2024-06-06T19:13:52.792000Z,2024-06-06T19:22:41.365000Z,2024-06-07T18:44:13.575000Z,2024-06-06T19:24:24.454977Z,529.0,CWCSHZAX,5201,No,40,Male,White,United States,United States,United States,English,No,Full-Time
6662096385b2c110cee93370,6505d82be855454b9afde7b3,APPROVED,Not Applicable,2024-06-06T19:09:36.332000Z,2024-06-06T19:19:55.563000Z,2024-06-07T18:44:13.802000Z,2024-06-06T19:20:11.179817Z,620.0,CWCSHZAX,344,Don't know,44,Female,White,United States,United States,United States,English,No,Unemployed (and job seeking)
6662098b1df46c988fb08d95,601fc50f4b7f33504a02cd52,TIMED-OUT,Not Applicable,2024-06-06T19:10:17.295000Z,,,2024-06-26T18:43:57.376885Z,1726421.0,,2752,Don't know,46,Female,Mixed,United States,United States,United States,English,Yes,Full-Time
666209968525dad02da9a579,566a4cf27da0350012b4582d,APPROVED,Not Applicable,2024-06-06T19:10:16.834000Z,2024-06-06T19:32:25.512000Z,2024-06-07T18:44:14.029000Z,2024-06-06T19:32:50.590317Z,1329.0,CWCSHZAX,734,Don't know,38,Male,White,United States,United States,United States,English,DATA_EXPIRED,DATA_EXPIRED
666209ac9c2a22de10a6ec31,650c729919da6b4cfe88277b,APPROVED,Not Applicable,2024-06-06T19:10:49.579000Z,2024-06-06T19:20:19.829000Z,2024-06-07T18:44:14.246000Z,2024-06-06T19:21:27.053236Z,571.0,CWCSHZAX,1440,No,51,Female,White,United States,United States,United States,English,No,Full-Time
666209b90002f62e5d081847,5f5128c3aa1c4e30e4506d2c,APPROVED,Not Applicable,2024-06-06T19:10:57.340000Z,2024-06-06T19:22:13.254000Z,2024-06-07T18:44:14.457000Z,2024-06-06T19:24:18.475525Z,676.0,CWCSHZAX,1107,No,79,Male,White,United States,United States,United States,English,DATA_EXPIRED,"Not in paid work (e.g. homemaker', 'retired or disabled)"
666209beea5feb5f18a9a4ee,5f627ea43a49581b4438a944,APPROVED,Not Applicable,2024-06-06T19:11:01.167000Z,2024-06-06T19:21:13.221000Z,2024-06-07T18:44:14.664000Z,2024-06-06T19:21:52.772401Z,613.0,CWCSHZAX,2826,No,45,Male,White,United States,United States,United States,English,No,Full-Time
666209e7bcb7c756bda0e9b4,661045b87d3e3a9bda51b367,APPROVED,Not Applicable,2024-06-06T19:21:09.870000Z,2024-06-06T19:42:04.381000Z,2024-06-07T18:44:14.877000Z,2024-06-06T19:42:46.137212Z,1255.0,CWCSHZAX,192,No,69,Male,White,United States,United States,United States,English,No,Part-Time
666209e8536c8f18e90adebe,6564e02ee525798abc35ba1d,APPROVED,Not Applicable,2024-06-06T19:11:42.031000Z,2024-06-06T19:28:38.975000Z,2024-06-07T18:44:15.097000Z,2024-06-06T19:28:39.559356Z,1017.0,CWCSHZAX,588,Don't know,64,Female,Black,United States,United States,United States,English,DATA_EXPIRED,"Not in paid work (e.g. homemaker', 'retired or disabled)"
666209fa80e7717867e40c00,6110bcce9a9555a43bfbdb47,APPROVED,Not Applicable,2024-06-06T19:11:59.112000Z,2024-06-06T19:18:23.068000Z,2024-06-07T18:44:15.331000Z,2024-06-06T19:18:23.562357Z,384.0,CWCSHZAX,1111,No,29,Female,White,Mexico,United States,Mexico,Spanish,Yes,Full-Time
66620a256cf0a24e5c030b96,664ce0e5ae712ea0be372f76,APPROVED,Not Applicable,2024-06-06T19:12:42.352000Z,2024-06-06T19:24:16.705000Z,2024-06-07T18:44:15.539000Z,2024-06-06T19:24:49.196178Z,695.0,CWCSHZAX,49,No,25,Female,Black,United States,United States,United States,English,No,Part-Time
66620a2a6cf0a24e5c030b99,5e40774a2ee93c2ae0ecad03,APPROVED,Not Applicable,2024-06-06T19:12:46.675000Z,2024-06-06T19:20:15.335000Z,2024-06-07T18:44:15.737000Z,2024-06-06T19:21:17.588804Z,449.0,CWCSHZAX,1896,Don't know,36,Female,White,United States,United States,United States,English,No,Part-Time
66620a2c47609bb8b9f3b3ed,5ba064c10d4416000157a224,APPROVED,Not Applicable,2024-06-06T19:12:55.707000Z,2024-06-06T19:39:14.841000Z,2024-06-07T18:44:15.947000Z,2024-06-06T19:39:16.422687Z,1580.0,CWCSHZAX,4638,No,33,Male,Black,United States,United States,United States,English,No,Other
66620a660723cb029e989446,628bb39061393e64b1907bbb,APPROVED,Not Applicable,2024-06-06T19:14:00.424000Z,2024-06-06T19:25:52.250000Z,2024-06-07T18:44:16.179000Z,2024-06-06T19:25:53.611972Z,712.0,CWCSHZAX,3819,No,67,Male,White,United States,United States,United States,English,No,"Not in paid work (e.g. homemaker', 'retired or disabled)"
66620a6b4bbff0760da4e1ba,6632a3b5ee60e7692fd50a7a,APPROVED,Not Applicable,2024-06-06T19:13:52.064000Z,2024-06-06T19:27:34.715000Z,2024-06-07T18:44:16.407000Z,2024-06-06T19:27:35.135284Z,823.0,CWCSHZAX,145,No,54,Female,White,United States,United States,United States,English,No,"Not in paid work (e.g. homemaker', 'retired or disabled)"
66620a8eb7db2b00f77213f6,6286883dfdadd2d772aa2a72,APPROVED,Not Applicable,2024-06-06T19:16:09.618000Z,2024-06-06T19:28:50.420000Z,2024-06-07T18:44:16.674000Z,2024-06-06T19:28:50.895969Z,761.0,CWCSHZAX,1643,No,51,Male,White,United States,United States,United States,English,No,Part-Time
66620a91aa79e7666778a994,633a2bba24da1e2f594f9d62,APPROVED,Not Applicable,2024-06-06T19:14:30.318000Z,2024-06-06T19:25:37.181000Z,2024-06-07T18:44:16.908000Z,2024-06-06T19:25:37.657480Z,667.0,CWCSHZAX,1894,Don't know,32,Male,Asian,United States,United States,United States,English,DATA_EXPIRED,DATA_EXPIRED
66620aa259b2f7f17e747671,5c51bcaeb7449200013a8517,APPROVED,Not Applicable,2024-06-06T19:14:49.193000Z,2024-06-06T19:39:18.223000Z,2024-06-07T18:44:17.176000Z,2024-06-06T19:39:22.662637Z,1470.0,CWCSHZAX,6702,Don't know,37,Male,White,United States,United States,United States,English,No,Full-Time
66620ab747e15ebf4719bc56,64359688af0d56d659ce5a8d,APPROVED,Not Applicable,2024-06-06T19:15:15.834000Z,2024-06-06T19:58:17.533000Z,2024-06-07T18:44:17.486000Z,2024-06-06T19:58:17.985578Z,2582.0,CWCSHZAX,1250,Don't know,49,Male,Black,United States,United States,United States,English,Yes,Full-Time
66620abc4d4eff3c87a63c6f,5e3544949202d94f38929176,APPROVED,Not Applicable,2024-06-06T19:15:14.033000Z,2024-06-06T19:32:18.066000Z,2024-06-07T18:44:17.787000Z,2024-06-06T19:32:36.808440Z,1025.0,CWCSHZAX,604,Don't know,36,Female,White,United States,United States,United States,English,DATA_EXPIRED,DATA_EXPIRED
66620ac0fd3ec0d3b19be94a,6518353efd6c167905451597,APPROVED,Not Applicable,2024-06-06T19:15:49.329000Z,2024-06-06T19:30:01.293000Z,2024-06-07T18:44:18.085000Z,2024-06-06T19:30:01.733358Z,852.0,CWCSHZAX,1160,Don't know,47,Female,White,United States,United States,United States,English,No,"Not in paid work (e.g. homemaker', 'retired or disabled)"
66620acdf61c44c2e9246cfb,6642729ea20bdff9d8c277d9,APPROVED,Not Applicable,2024-06-06T19:15:34.296000Z,2024-06-06T19:33:10.271000Z,2024-06-07T18:44:18.324000Z,2024-06-06T19:33:54.200831Z,1056.0,CWCSHZAX,46,Don't know,72,Male,White,United States,United States,United States,English,No,"Not in paid work (e.g. homemaker', 'retired or disabled)"
66620af4d8f7dab64eca07b7,66593439219e827af22a002b,APPROVED,Not Applicable,2024-06-06T19:16:09.286000Z,2024-06-06T19:28:06.393000Z,2024-06-07T18:44:18.567000Z,2024-06-06T19:28:06.843318Z,718.0,CWCSHZAX,40,Don't know,37,Prefer not to say,White,United States,United States,United States,English,No,Full-Time
66620afa73d4f98188a63cd9,65fdb1b39f56be5921a9d484,APPROVED,Not Applicable,2024-06-06T19:16:14.850000Z,2024-06-06T19:26:04.827000Z,2024-06-07T18:44:18.794000Z,2024-06-06T19:26:05.344036Z,590.0,CWCSHZAX,642,No,42,Male,White,United States,United States,United States,English,No,Full-Time
66620b02857ab896ad90c5f0,5baa535fa3c9170001156197,APPROVED,Not Applicable,2024-06-06T19:16:21.023000Z,2024-06-06T19:32:38.933000Z,2024-06-07T18:44:19.078000Z,2024-06-06T19:33:12.777037Z,978.0,CWCSHZAX,8602,Don't know,34,Female,Mixed,United States,United States,United States,English,DATA_EXPIRED,Full-Time
66620b046e5aa323699893c5,5720a9f6fd3a5200113c1891,APPROVED,Not Applicable,2024-06-06T19:16:23.966000Z,2024-06-06T19:35:17.352000Z,2024-06-07T18:44:19.401000Z,2024-06-06T19:35:30.219762Z,1134.0,CWCSHZAX,6555,No,52,Female,White,United States,United States,United States,English,No,Full-Time
66620b104a9e6c43497fb91e,64394a1454202dfbace21e90,APPROVED,Not Applicable,2024-06-06T19:17:44.120000Z,2024-06-06T20:08:41.227000Z,2024-06-07T18:44:19.648000Z,2024-06-06T20:12:41.019647Z,3058.0,CWCSHZAX,1213,Don't know,50,Female,Black,United States,United States,United States,English,DATA_EXPIRED,DATA_EXPIRED
66620b1728f0722a3733b4e0,56494d5b6902220012c4acb7,APPROVED,Not Applicable,2024-06-06T19:16:44.976000Z,2024-06-06T19:27:33.615000Z,2024-06-07T18:44:19.893000Z,2024-06-06T19:27:34.115460Z,649.0,CWCSHZAX,5767,Don't know,62,Female,White,United States,United States,United States,English,No,Part-Time
66620b180dead2fa51dfdcb1,660c16b733bd2841d3f1b444,APPROVED,Not Applicable,2024-06-06T19:16:50.224000Z,2024-06-06T19:28:33.973000Z,2024-06-07T18:44:20.124000Z,2024-06-06T19:28:35.001591Z,704.0,CWCSHZAX,6,No,27,Male,White,United States,United States,United States,English,Yes,DATA_EXPIRED
66620b30d37f5e964b55ded1,60a2b9a6ad671cebb06f2b0d,APPROVED,Not Applicable,2024-06-06T19:17:10.278000Z,2024-06-06T19:35:56.632000Z,2024-06-07T18:44:20.350000Z,2024-06-06T19:35:57.112324Z,1127.0,CWCSHZAX,6059,No,95,Female,White,United States,United States,United States,English,No,"Not in paid work (e.g. homemaker', 'retired or disabled)"
66620b53384f35344533b47f,647f5b72256d6f1e6fe0d7b7,APPROVED,Not Applicable,2024-06-06T19:17:43.628000Z,2024-06-06T19:48:25.059000Z,2024-06-07T18:44:20.609000Z,2024-06-06T19:48:44.466665Z,1842.0,CWCSHZAX,2238,No,55,Male,White,Portugal,United States,United States,English,No,DATA_EXPIRED
66620b72d94e5cb49f62db3a,62e42aaad0079d2ff8e97597,APPROVED,Not Applicable,2024-06-06T19:21:52.091000Z,2024-06-06T19:33:54.058000Z,2024-06-07T18:44:21.280000Z,2024-06-06T19:34:26.122232Z,722.0,CWCSHZAX,3206,Don't know,32,Female,White,United States,United States,United States,English,No,Full-Time
66620b7797325bfb95f3b37d,65bdc95942494ba9f82faed4,APPROVED,Not Applicable,2024-06-06T19:18:19.098000Z,2024-06-06T19:26:15.580000Z,2024-06-07T18:44:21.511000Z,2024-06-06T19:26:16.146295Z,477.0,CWCSHZAX,201,Don't know,22,Male,Asian,United States,United States,Vietnam,English,Yes,Unemployed (and job seeking)
66620b81a281694ec90140de,628409abe8772d1f138b7f14,APPROVED,Not Applicable,2024-06-06T19:18:29.818000Z,2024-06-06T19:38:58.622000Z,2024-06-07T18:44:21.740000Z,2024-06-06T19:38:59.486882Z,1229.0,CWCSHZAX,3831,Don't know,51,Female,White,United States,United States,United States,English,DATA_EXPIRED,Full-Time
66620b990daabf601f4aa9ba,63e885e4e1fc973179d56f63,APPROVED,Not Applicable,2024-06-06T19:21:51.676000Z,2024-06-06T19:31:17.514000Z,2024-06-07T18:44:21.995000Z,2024-06-06T19:31:18.000821Z,566.0,CWCSHZAX,3790,Don't know,42,Female,White,United States,United States,United States,English,No,Full-Time
66620bb00dead2fa51dfdcd4,614fdfcd552f1cd4e0d8b8f5,APPROVED,Not Applicable,2024-06-06T19:19:17.261000Z,2024-06-06T19:38:07.837000Z,2024-06-07T18:44:22.217000Z,2024-06-06T19:38:08.330269Z,1131.0,CWCSHZAX,2183,No,62,Female,White,United States,United States,United States,English,No,Other
66620bf01af904410985451c,6660618de6dc148f5fd91432,APPROVED,Not Applicable,2024-06-06T19:20:21.776000Z,2024-06-06T19:34:22.635000Z,2024-06-07T18:44:22.448000Z,2024-06-06T19:34:45.805838Z,841.0,CWCSHZAX,3,No,27,Male,White,United States,United States,United States,English,No,Due to start a new job within the next month
66620bf4f3be060d78145a8c,66565c3377b7df053234067d,APPROVED,Not Applicable,2024-06-06T19:20:31.948000Z,2024-06-06T19:41:31.584000Z,2024-06-07T18:44:22.655000Z,2024-06-06T19:42:15.453891Z,1260.0,CWCSHZAX,21,No,71,Male,White,Mexico,United States,Mexico,English,No,"Not in paid work (e.g. homemaker', 'retired or disabled)"
66620c04f00fd6264e417d56,64010a38650fe3a1a2de05a9,APPROVED,Not Applicable,2024-06-06T19:20:41.352000Z,2024-06-06T19:32:41.276000Z,2024-06-07T18:44:22.872000Z,2024-06-06T19:33:14.642292Z,720.0,CWCSHZAX,1504,No,36,Male,White,United States,United States,United States,English,No,Unemployed (and job seeking)
66620c29cf7d7c1213593861,634a438cfb067e3f0e689d31,APPROVED,Not Applicable,2024-06-06T19:21:19.032000Z,2024-06-06T19:38:41.711000Z,2024-06-07T18:44:23.086000Z,2024-06-06T19:38:42.188291Z,1043.0,CWCSHZAX,545,Don't know,48,Prefer not to say,White,United States,United States,United States,English,No,Unemployed (and job seeking)
66620c2a511e9c0f471b0cf9,656895b98a551bd79eb47d0c,APPROVED,Not Applicable,2024-06-06T19:21:19.525000Z,2024-06-06T19:34:23.344000Z,2024-06-07T18:44:23.315000Z,2024-06-06T19:34:45.615842Z,784.0,CWCSHZAX,1220,No,28,Male,White,United States,United States,United States,English,No,Full-Time
66620c3c40a41d7bfb590e66,5c38f43bb594c40001212d39,APPROVED,Not Applicable,2024-06-06T19:21:39.376000Z,2024-06-06T19:32:51.351000Z,2024-06-07T18:44:23.573000Z,2024-06-06T19:33:24.018262Z,672.0,CWCSHZAX,6899,Don't know,75,Male,White,United States,United States,United States,English,No,DATA_EXPIRED
66620c41ab69ef83a0d8a95a,65bd2b79e79a2385ead521b5,APPROVED,Not Applicable,2024-06-06T19:21:50.001000Z,2024-06-06T19:40:56.395000Z,2024-06-07T18:44:23.860000Z,2024-06-06T19:41:09.511860Z,1147.0,CWCSHZAX,696,No,75,Male,White,United States,United States,United States,English,No,"Not in paid work (e.g. homemaker', 'retired or disabled)"
66620c43ec34f31ab08d4b75,5c92870723bd7e001870138e,APPROVED,Not Applicable,2024-06-06T19:22:36.769000Z,2024-06-06T19:39:33.223000Z,2024-06-07T18:44:24.091000Z,2024-06-06T19:39:40.555397Z,1017.0,CWCSHZAX,6534,Don't know,80,Male,White,United States,United States,United States,English,DATA_EXPIRED,Other
66620c52612c7c6a1e196a13,6529446b22e013a7d4464d2a,TIMED-OUT,Not Applicable,2024-06-06T19:22:04.485000Z,,,2024-06-26T18:43:57.378554Z,1725714.0,,179,Don't know,49,Female,White,United States,United States,United States,English,No,"Not in paid work (e.g. homemaker', 'retired or disabled)"
66620c5e8525dad02da9a63d,66438d2064e4abfff5abc4ec,APPROVED,Not Applicable,2024-06-06T19:22:09.917000Z,2024-06-06T19:31:06.340000Z,2024-06-07T18:44:24.303000Z,2024-06-06T19:31:06.809521Z,537.0,CWCSHZAX,140,Don't know,34,Female,White,United States,United States,United States,English,No,Full-Time
66620c5ff36f94fe9bec2bce,665c0557876948c40b2350d6,APPROVED,Not Applicable,2024-06-06T19:22:15.094000Z,2024-06-06T19:33:27.514000Z,2024-06-07T18:44:24.535000Z,2024-06-06T19:34:09.633231Z,673.0,CWCSHZAX,43,Don't know,41,Female,White,United States,United States,United States,English,No,Full-Time
66620c62d96dc723aa716947,63eba5467742a331ea0cf4db,APPROVED,Not Applicable,2024-06-06T19:22:18.735000Z,2024-06-06T19:30:38.505000Z,2024-06-07T18:44:24.761000Z,2024-06-06T19:30:39.112801Z,500.0,CWCSHZAX,617,No,46,Male,Mixed,United States,United States,United States,English,No,Unemployed (and job seeking)
66620c7d81deebdb0787146f,6471b26cb3e0f5a1cf566043,APPROVED,Not Applicable,2024-06-06T19:22:48.450000Z,2024-06-06T19:47:27.742000Z,2024-06-07T18:44:25.063000Z,2024-06-06T19:47:44.697019Z,1480.0,CWCSHZAX,783,Don't know,54,Male,Black,United States,United States,United States,English,No,Full-Time
66620c9c0eda9a70e4593916,656907a16ea276f3fef47618,APPROVED,Not Applicable,2024-06-06T19:29:14.868000Z,2024-06-06T19:50:16.705000Z,2024-06-07T18:44:25.393000Z,2024-06-06T19:52:09.568965Z,1262.0,CWCSHZAX,1210,No,52,Female,Mixed,France,United States,United States,French,No,Full-Time
66620ca406db2d517c3d2a95,65de38960d4f2144350e67a2,RETURNED,Not Applicable,2024-06-06T19:34:00.673000Z,,,2024-06-26T18:43:57.418115Z,,,481,CONSENT_REVOKED,CONSENT_REVOKED,CONSENT_REVOKED,CONSENT_REVOKED,CONSENT_REVOKED,CONSENT_REVOKED,CONSENT_REVOKED,CONSENT_REVOKED,CONSENT_REVOKED,CONSENT_REVOKED
66620ca8890b0cd3c563212b,640b735104dec27f0afa4f12,APPROVED,Not Applicable,2024-06-06T19:23:26.224000Z,2024-06-06T19:34:40.536000Z,2024-06-07T18:44:25.631000Z,2024-06-06T19:35:05.039430Z,675.0,CWCSHZAX,3026,Don't know,52,Male,White,United States,United States,United States,English,No,Full-Time
66620cacd8f7dab64eca082e,5fb7c9683359973a5ebb4076,APPROVED,Not Applicable,2024-06-06T19:23:45.432000Z,2024-06-06T19:32:50.730000Z,2024-06-07T18:44:25.884000Z,2024-06-06T19:33:23.275308Z,546.0,CWCSHZAX,2615,Don't know,45,Male,White,United States,United States,United States,English,No,Full-Time
66620cb13e0cf102d14d01e9,63eceb160f69b779c757c48b,APPROVED,Not Applicable,2024-06-06T19:23:47.382000Z,2024-06-06T19:35:24.889000Z,2024-06-07T18:44:26.106000Z,2024-06-06T19:35:33.319634Z,698.0,CWCSHZAX,2825,No,60,Female,White,United States,United States,United States,English,No,Part-Time
66620cbb5def1ae56227ca98,5c7afb18de6f7900150c33d2,APPROVED,Not Applicable,2024-06-06T19:23:46.461000Z,2024-06-06T19:37:30.108000Z,2024-06-07T18:44:26.343000Z,2024-06-06T19:37:30.650113Z,824.0,CWCSHZAX,2365,No,71,Male,White,United States,United States,United States,English,DATA_EXPIRED,"Not in paid work (e.g. homemaker', 'retired or disabled)"
66620cf1384f35344533b4f9,5e1f8fbfb202032c463f3e06,APPROVED,Not Applicable,2024-06-06T19:25:04.091000Z,2024-06-06T19:51:16.959000Z,2024-06-07T18:44:26.574000Z,2024-06-06T19:54:59.862953Z,1573.0,CWCSHZAX,7229,No,63,Female,White,United States,United States,United States,English,No,Part-Time
66620d16c97aaf2db6079dee,659ac218f7d3baebf069a457,APPROVED,Not Applicable,2024-06-06T19:25:15.494000Z,2024-06-06T19:34:57.282000Z,2024-06-07T18:44:26.862000Z,2024-06-06T19:35:20.365071Z,582.0,CWCSHZAX,222,No,62,Female,White,United States,United States,United States,English,No,"Not in paid work (e.g. homemaker', 'retired or disabled)"
66620d22511e9c0f471b0d38,65e75c757ba43a2d61d2b484,APPROVED,Not Applicable,2024-06-06T19:25:28.882000Z,2024-06-06T19:41:49.502000Z,2024-06-07T18:44:27.127000Z,2024-06-06T19:42:33.346239Z,981.0,CWCSHZAX,44,No,24,Male,White,United States,United States,United States,English,No,Unemployed (and job seeking)
66620d2785973dbaabd31236,5c1a7f152a85450001a876e0,APPROVED,Not Applicable,2024-06-06T19:25:35.614000Z,2024-06-06T19:43:51.882000Z,2024-06-07T18:44:27.395000Z,2024-06-06T19:44:27.066807Z,1097.0,CWCSHZAX,4705,Don't know,55,Male,Black,United States,United States,United States,English,DATA_EXPIRED,Full-Time
66620d27f61c44c2e9246dc0,65980f73048d02626828cd2c,RETURNED,Not Applicable,2024-06-06T19:30:55.393000Z,,,2024-06-26T18:43:57.389276Z,,,844,CONSENT_REVOKED,CONSENT_REVOKED,CONSENT_REVOKED,CONSENT_REVOKED,CONSENT_REVOKED,CONSENT_REVOKED,CONSENT_REVOKED,CONSENT_REVOKED,CONSENT_REVOKED,CONSENT_REVOKED
66620d3340a41d7bfb590ea6,63fa6f8dc3d4ec40b5397847,APPROVED,Not Applicable,2024-06-06T19:25:45.129000Z,2024-06-06T19:37:44.967000Z,2024-06-07T18:44:27.638000Z,2024-06-06T19:37:45.476847Z,720.0,CWCSHZAX,1514,No,70,Female,White,United States,United States,United States,English,No,Part-Time
66620d4653ae1070aef27097,664e7e50cc2f56fd62fe1f9e,APPROVED,Not Applicable,2024-06-06T19:26:29.318000Z,2024-06-06T19:36:20.128000Z,2024-06-07T18:44:27.860000Z,2024-06-06T19:36:20.518794Z,591.0,CWCSHZAX,60,No,28,Female,White,United States,United States,United States,English,No,"Not in paid work (e.g. homemaker', 'retired or disabled)"
66620d4f7e85da88b17d6557,55b6ed4afdf99b437183fa6f,APPROVED,Not Applicable,2024-06-06T19:30:03.841000Z,2024-06-06T19:52:28.240000Z,2024-06-07T18:44:28.083000Z,2024-06-06T19:55:08.618998Z,1345.0,CWCSHZAX,5484,No,51,Female,White,United States,United States,United States,English,No,Full-Time
66620d61ea3e57bea6eb4610,60e61c77014244762b8a13e2,APPROVED,Not Applicable,2024-06-06T19:26:30.377000Z,2024-06-06T19:38:33.900000Z,2024-06-07T18:44:28.301000Z,2024-06-06T19:38:34.415611Z,724.0,CWCSHZAX,2828,Don't know,52,Female,White,United States,United States,United States,English,No,"Not in paid work (e.g. homemaker', 'retired or disabled)"
66620d7faa79e7666778aa3a,632a1ae0d2c0c28e680e9c5a,APPROVED,Not Applicable,2024-06-06T19:26:59.593000Z,2024-06-06T19:34:35.983000Z,2024-06-07T18:44:28.541000Z,2024-06-06T19:35:00.519688Z,457.0,CWCSHZAX,379,No,39,Male,White,United States,United States,United States,English,No,Unemployed (and job seeking)
66620d8b14dba3de83030c09,6126ecc3ebef11936ed8bfcb,APPROVED,Not Applicable,2024-06-06T19:30:36.315000Z,2024-06-06T19:41:34.192000Z,2024-06-07T18:44:28.805000Z,2024-06-06T19:42:18.175460Z,658.0,CWCSHZAX,6699,No,50,Female,White,United States,United States,United States,English,No,"Not in paid work (e.g. homemaker', 'retired or disabled)"
66620d8d79f662803eff163b,5f14d1c6ed1d355640101321,APPROVED,Not Applicable,2024-06-06T19:27:16.149000Z,2024-06-06T19:56:52.957000Z,2024-06-07T18:44:29.042000Z,2024-06-06T19:56:55.469186Z,1777.0,CWCSHZAX,1122,No,54,Female,White,United States,United States,United States,English,No,Part-Time
66620d9d890b0cd3c5632182,6137ebb74197e0473d1318e3,APPROVED,Not Applicable,2024-06-06T19:27:35.068000Z,2024-06-06T19:40:17.725000Z,2024-06-07T18:44:29.264000Z,2024-06-06T19:40:28.997754Z,763.0,CWCSHZAX,4824,No,54,Male,White,United States,United States,United States,English,No,Full-Time
66620da1c60d661bc7792f58,60c64998f871d5c80a7ed14c,APPROVED,Not Applicable,2024-06-06T19:27:40.459000Z,2024-06-06T19:35:04.547000Z,2024-06-07T18:44:29.481000Z,2024-06-06T19:35:22.797681Z,445.0,CWCSHZAX,2148,Don't know,25,Male,White,United States,United States,United States,English,No,Full-Time
66620dc824e026748f41bf00,607778a26ff3de83125f50c5,APPROVED,Not Applicable,2024-06-06T19:28:12.285000Z,2024-06-06T19:33:07.708000Z,2024-06-07T18:44:29.843000Z,2024-06-06T19:33:50.224038Z,296.0,CWCSHZAX,3019,No,37,Male,Asian,India,United States,United States,English,No,Other
66620dc914dba3de83030c13,602c7d31733e6a57dda83b9d,APPROVED,Not Applicable,2024-06-06T19:28:13.974000Z,2024-06-06T19:32:09.968000Z,2024-06-07T18:44:30.068000Z,2024-06-06T19:32:24.245403Z,236.0,CWCSHZAX,3624,No,50,Male,White,United States,United States,United States,English,No,Full-Time
66620dc98ed85217ecb07264,6658d167589d777bab78b6cf,APPROVED,Not Applicable,2024-06-06T19:28:14.242000Z,2024-06-06T19:37:55.064000Z,2024-06-07T18:44:30.287000Z,2024-06-06T19:37:55.525785Z,581.0,CWCSHZAX,11,No,32,Male,White,United States,United States,United States,English,No,Part-Time
66620dd182f1c47a251d8dd1,5f0d2ad60ad0d6730c380b05,APPROVED,Not Applicable,2024-06-06T19:28:17.136000Z,2024-06-06T20:09:09.975000Z,2024-06-07T18:44:30.511000Z,2024-06-06T20:12:48.564889Z,2453.0,CWCSHZAX,3525,No,51,Male,DATA_EXPIRED,United States,United States,United States,English,No,DATA_EXPIRED
66620df07d44419f13ca8e71,607ba9f40639e8a2c931d622,APPROVED,Not Applicable,2024-06-06T19:29:01.125000Z,2024-06-06T19:36:04.565000Z,2024-06-07T18:44:30.770000Z,2024-06-06T19:36:05.077846Z,424.0,CWCSHZAX,1730,Don't know,48,Female,White,United States,United States,United States,English,No,Full-Time
66620df128f0722a3733b594,665f8460cb17ece2fa679d4a,APPROVED,Not Applicable,2024-06-06T19:28:55.753000Z,2024-06-06T19:40:19.006000Z,2024-06-07T18:44:31.004000Z,2024-06-06T19:40:30.899590Z,684.0,CWCSHZAX,24,No,42,Female,White,United States,United States,United States,English,No,"Not in paid work (e.g. homemaker', 'retired or disabled)"
66620e02935a58aa3430c692,653e94cf941a41f663566639,APPROVED,Not Applicable,2024-06-06T19:29:20.496000Z,2024-06-06T20:12:20.110000Z,2024-06-07T18:44:31.225000Z,2024-06-06T20:13:01.580756Z,2580.0,CWCSHZAX,648,Don't know,51,Female,Black,Ghana,United States,United States,English,DATA_EXPIRED,DATA_EXPIRED
66620e0724de6e03c4713958,5d423e1ef1006e00016a95e1,APPROVED,Not Applicable,2024-06-06T19:29:27.981000Z,2024-06-06T19:53:22.724000Z,2024-06-07T18:44:31.439000Z,2024-06-06T19:55:11.858619Z,1435.0,CWCSHZAX,4849,No,42,Female,White,United States,United States,United States,English,No,Full-Time
66620e10b0d417b6395bd6ac,6234a71d1b478a615e51ab69,APPROVED,Not Applicable,2024-06-06T19:29:57.409000Z,2024-06-06T19:37:25.959000Z,2024-06-07T18:44:31.657000Z,2024-06-06T19:37:26.644942Z,449.0,CWCSHZAX,1047,No,44,Male,White,United States,United States,United States,English,No,Full-Time
66620e29733679c3d1ec2ae8,65c63f9b7a891fff8a4c45a2,APPROVED,Not Applicable,2024-06-06T19:29:55.443000Z,2024-06-06T19:48:16.324000Z,2024-06-07T18:44:31.882000Z,2024-06-06T19:48:35.697274Z,1101.0,CWCSHZAX,755,No,71,Female,White,United States,United States,United States,English,No,Other
66620e44570836b974b9ed1f,5dd1df8fb48da3240ca85c45,APPROVED,Not Applicable,2024-06-06T19:30:36.013000Z,2024-06-06T19:45:27.183000Z,2024-06-07T18:44:32.133000Z,2024-06-06T19:45:52.938699Z,892.0,CWCSHZAX,2381,No,49,Female,White,United States,United States,United States,English,No,"Not in paid work (e.g. homemaker', 'retired or disabled)"
66620e55b7db2b00f77214bd,6630ff53bf4ffe616e15a961,APPROVED,Not Applicable,2024-06-06T19:37:44.805000Z,2024-06-06T19:57:57.918000Z,2024-06-07T18:44:32.364000Z,2024-06-06T19:57:58.357165Z,1214.0,CWCSHZAX,120,Don't know,41,Female,Black,United States,United States,United States,English,No,DATA_EXPIRED
66620e5bd69f394e4ddfae53,66208c9103c058c33d4f9320,APPROVED,Not Applicable,2024-06-06T19:30:38.660000Z,2024-06-06T19:40:04.169000Z,2024-06-07T18:44:32.620000Z,2024-06-06T19:40:15.531776Z,566.0,CWCSHZAX,388,Don't know,38,Male,Mixed,United States,United States,United States,English,No,Full-Time
66620e607f826eab64825763,652c3486250595e2f18d3d7f,APPROVED,Not Applicable,2024-06-06T19:30:50.060000Z,2024-06-06T20:00:31.799000Z,2024-06-07T18:44:32.858000Z,2024-06-06T20:00:32.450252Z,1782.0,CWCSHZAX,924,Don't know,41,Female,Black,Ghana,United States,United States,English,DATA_EXPIRED,DATA_EXPIRED
66620e784d066a268d713979,5d1511f1e814b800016108a6,APPROVED,Not Applicable,2024-06-06T19:31:15Z,2024-06-06T19:40:10.268000Z,2024-06-07T18:44:33.076000Z,2024-06-06T19:40:21.865529Z,536.0,CWCSHZAX,8137,Don't know,68,Male,White,United States,United States,United States,English,No,Full-Time
66620e7988a6364937fe454a,5aaae8c215253500012c5997,RETURNED,Not Applicable,2024-06-06T19:42:00.019000Z,,,2024-06-26T18:43:57.415313Z,,,5079,CONSENT_REVOKED,CONSENT_REVOKED,CONSENT_REVOKED,CONSENT_REVOKED,CONSENT_REVOKED,CONSENT_REVOKED,CONSENT_REVOKED,CONSENT_REVOKED,CONSENT_REVOKED,CONSENT_REVOKED
66620e92433fc3a650d7a6ad,5d4732b70829350016ed314d,APPROVED,Not Applicable,2024-06-06T19:31:37.681000Z,2024-06-06T19:44:48.271000Z,2024-06-07T18:44:33.272000Z,2024-06-06T19:45:10.527633Z,791.0,CWCSHZAX,2600,No,52,Male,Black,United States,United States,United States,English,Yes,Full-Time
66620e934d066a268d713999,5ecbdce8315a12063a7997c8,APPROVED,Not Applicable,2024-06-06T19:31:38.272000Z,2024-06-06T19:40:18.657000Z,2024-06-07T18:44:33.469000Z,2024-06-06T19:40:30.220155Z,521.0,CWCSHZAX,242,No,38,Male,White,United States,United States,United States,English,Yes,Unemployed (and job seeking)
66620ea485973dbaabd31297,65f093e8f2d288f322978ea3,APPROVED,Not Applicable,2024-06-06T19:31:54.955000Z,2024-06-06T19:51:04.250000Z,2024-06-07T18:44:33.704000Z,2024-06-06T19:54:58.368023Z,1150.0,CWCSHZAX,262,Don't know,32,Male,Mixed,United States,United States,United States,English,No,Part-Time
66620eabf6468a49ccbfa101,63f7978520d752d4f7fd9301,APPROVED,Not Applicable,2024-06-06T19:32:01.043000Z,2024-06-06T19:46:26.617000Z,2024-06-07T18:44:33.903000Z,2024-06-06T19:46:27.411983Z,866.0,CWCSHZAX,855,No,49,Female,White,United States,United States,United States,English,No,"Not in paid work (e.g. homemaker', 'retired or disabled)"
66620eb7935a58aa3430c6be,5dd32014b51b3e33ec0d07cc,APPROVED,Not Applicable,2024-06-06T19:32:14.065000Z,2024-06-06T19:45:58.558000Z,2024-06-07T18:44:34.098000Z,2024-06-06T19:45:59.256116Z,825.0,CWCSHZAX,4418,Don't know,48,Male,Other,United States,United States,United States,English,No,Full-Time
66620ecce78f21dd82fcd54e,63d408a690705bd9c54c50a6,TIMED-OUT,Not Applicable,2024-06-06T19:34:34.368000Z,,,2024-06-26T18:43:57.504236Z,1724964.0,,2755,DATA_EXPIRED,39,Female,White,United States,United States,United States,English,DATA_EXPIRED,Full-Time
66620ece3368a40881eb45d4,63f5bd2234dd912255ca17c8,APPROVED,Not Applicable,2024-06-06T19:32:39.625000Z,2024-06-06T19:45:26.285000Z,2024-06-07T18:44:34.316000Z,2024-06-06T19:45:52.905123Z,767.0,CWCSHZAX,575,No,53,Female,White,United States,United States,United States,English,No,Other
66620ee0fd3ec0d3b19bea75,62fbeca46caf4abaaf74b5f1,APPROVED,Not Applicable,2024-06-06T19:32:52.502000Z,2024-06-06T19:41:13.909000Z,2024-06-07T18:44:34.559000Z,2024-06-06T19:41:28.181853Z,502.0,CWCSHZAX,4306,No,64,Male,White,United States,United States,United States,English,No,"Not in paid work (e.g. homemaker', 'retired or disabled)"
66620eeba43515517055767a,65e9b627677d2452e3c72b89,APPROVED,Not Applicable,2024-06-06T19:33:12.681000Z,2024-06-06T19:45:42.312000Z,2024-06-07T18:44:34.805000Z,2024-06-06T19:45:53.797478Z,750.0,CWCSHZAX,268,No,44,Male,White,United States,United States,United States,English,No,"Not in paid work (e.g. homemaker', 'retired or disabled)"
66620eee5def1ae56227cb24,5c10a3702b16ba0001c8747a,APPROVED,Not Applicable,2024-06-06T19:33:05.878000Z,2024-06-06T19:52:42.172000Z,2024-06-07T18:44:35.036000Z,2024-06-06T19:55:09.184083Z,1177.0,CWCSHZAX,1256,No,34,Male,White,United States,United States,United States,English,No,Full-Time
66620ef8ac76f90f28a6ed88,65ca9c729a13f898ae374552,APPROVED,Not Applicable,2024-06-06T19:33:18.891000Z,2024-06-06T20:11:49.517000Z,2024-06-07T18:44:35.255000Z,2024-06-06T20:13:00.852027Z,2311.0,CWCSHZAX,727,No,36,Female,Black,United States,United States,United States,English,No,Other
66620efea435155170557682,6272ae90bcc3709d723d1d2b,APPROVED,Not Applicable,2024-06-06T19:34:43.695000Z,2024-06-06T19:49:48.721000Z,2024-06-07T18:44:35.480000Z,2024-06-06T19:50:10.072304Z,906.0,CWCSHZAX,4550,No,59,Female,White,United States,United States,United States,English,No,Part-Time
66620f01d15e2ac38475f509,573a8aca67421f000f191c52,APPROVED,Not Applicable,2024-06-06T19:38:50.993000Z,2024-06-06T19:53:40.017000Z,2024-06-07T18:44:35.705000Z,2024-06-06T19:55:12.691626Z,890.0,CWCSHZAX,4894,No,45,Female,Mixed,Philippines,United States,United States,Tagalog-Filipino,No,Full-Time
66620f174cbacf8a8f9eb19f,612bb0204ad8e7e8bed041eb,APPROVED,Not Applicable,2024-06-06T19:33:47.515000Z,2024-06-06T19:48:35.346000Z,2024-06-07T18:44:35.955000Z,2024-06-06T19:48:55.038360Z,888.0,CWCSHZAX,5466,No,39,Male,White,United States,United States,United States,English,No,Full-Time
66620f329d6d4a23b934fe12,663c1925ab9d8b179a23180e,RETURNED,Not Applicable,2024-06-06T19:34:16.400000Z,2024-06-06T19:41:22.637000Z,,2024-06-06T19:42:08.599500Z,,CWCSHZAX,151,CONSENT_REVOKED,CONSENT_REVOKED,CONSENT_REVOKED,CONSENT_REVOKED,CONSENT_REVOKED,CONSENT_REVOKED,CONSENT_REVOKED,CONSENT_REVOKED,CONSENT_REVOKED,CONSENT_REVOKED
66620f392ea98c4a9d877609,573b2aae67421f0006185a9c,APPROVED,Not Applicable,2024-06-06T19:34:30.126000Z,2024-06-06T19:45:48.719000Z,2024-06-07T18:44:36.267000Z,2024-06-06T19:45:54.521456Z,679.0,CWCSHZAX,174,No,44,Female,White,United States,United States,United States,English,No,Part-Time
66620f3bd53fd8ff62546a18,665f6f927997daee64957157,APPROVED,Not Applicable,2024-06-06T19:34:23.752000Z,2024-06-06T19:44:47.059000Z,2024-06-07T18:44:36.970000Z,2024-06-06T19:45:10.004287Z,624.0,CWCSHZAX,6,No,26,Male,Mixed,United States,United States,United States,English,Yes,Other
66620f4eac76f90f28a6ed9d,5fd0ef1dbfdf0801f669f642,APPROVED,Not Applicable,2024-06-06T19:34:57.117000Z,2024-06-06T19:42:37.743000Z,2024-06-07T18:44:37.200000Z,2024-06-06T19:43:15.303333Z,461.0,CWCSHZAX,2451,Don't know,32,Male,Asian,United States,United States,United States,English,DATA_EXPIRED,Full-Time
66620f636bd723c39068f92e,65c1501098be0f409188762f,APPROVED,Not Applicable,2024-06-06T19:36:57.062000Z,2024-06-06T19:45:18.764000Z,2024-06-07T18:44:37.447000Z,2024-06-06T19:45:48.931742Z,502.0,CWCSHZAX,575,Don't know,32,Female,Black,United States,United States,United States,English,No,Part-Time
66620f6b92eef015f140af0d,660a1011d597e40e61fa9c50,APPROVED,Not Applicable,2024-06-06T19:35:09.563000Z,2024-06-06T19:42:37.331000Z,2024-06-07T18:44:37.672000Z,2024-06-06T19:43:15.849173Z,448.0,CWCSHZAX,120,Don't know,43,Male,White,United States,United States,United States,English,No,Full-Time
66620f71cfc8aeaad0697bae,66046f7689c4f0da055f17c5,APPROVED,Not Applicable,2024-06-06T19:35:18.645000Z,2024-06-06T19:53:23.782000Z,2024-06-07T18:44:37.913000Z,2024-06-06T19:55:11.983469Z,1086.0,CWCSHZAX,574,No,52,Male,Black,United States,United States,United States,English,No,Full-Time
66620f8781deebdb07871510,6550a0145270fff774d8ab7d,APPROVED,Not Applicable,2024-06-06T19:45:32.459000Z,2024-06-06T20:38:11.456000Z,2024-06-07T18:44:38.148000Z,2024-06-06T20:41:17.786600Z,3159.0,CWCSHZAX,551,Don't know,59,Male,Black,United States,United States,United States,English,DATA_EXPIRED,DATA_EXPIRED
66620f92edf2850ab9822d07,6103217087c7017449a039d8,APPROVED,Not Applicable,2024-06-06T19:36:17.367000Z,2024-06-06T19:53:47.159000Z,2024-06-07T18:44:38.404000Z,2024-06-06T19:55:12.937279Z,1050.0,CWCSHZAX,2205,No,33,Female,Other,United States,United States,United States,English,No,"Not in paid work (e.g. homemaker', 'retired or disabled)"
66620f93fcaa40d33955e066,609122350e5b8e743ab41f79,APPROVED,Not Applicable,2024-06-06T19:35:47.587000Z,2024-06-06T19:43:16.585000Z,2024-06-07T18:44:38.629000Z,2024-06-06T19:43:55.273746Z,449.0,CWCSHZAX,3786,Don't know,41,Female,White,United States,United States,United States,English,No,"Not in paid work (e.g. homemaker', 'retired or disabled)"
66620f94a89d19b10f5439a7,662c1b7573e1b82b30e910c5,APPROVED,Not Applicable,2024-06-06T19:35:52.814000Z,2024-06-06T20:09:52.015000Z,2024-06-07T18:44:38.875000Z,2024-06-06T20:12:54.705121Z,2040.0,CWCSHZAX,139,Don't know,34,Female,Black,United States,United States,United States,English,No,"Not in paid work (e.g. homemaker', 'retired or disabled)"
66620f979daeef020a304661,604a7e9f84bf0e7937200df5,APPROVED,Not Applicable,2024-06-06T19:39:49.242000Z,2024-06-06T19:47:22.446000Z,2024-06-07T18:44:39.112000Z,2024-06-06T19:47:31.470886Z,454.0,CWCSHZAX,5398,No,30,Male,White,United States,United States,United States,English,No,Full-Time
66620fac7f69f5f09072162b,60e49d8302404edb1e133168,APPROVED,Not Applicable,2024-06-06T19:36:19.194000Z,2024-06-06T19:53:26.084000Z,2024-06-07T18:44:39.325000Z,2024-06-06T19:55:12.002257Z,1027.0,CWCSHZAX,3134,Don't know,51,Female,Asian,United States,United States,China,English,No,Full-Time
66620facc783c73a0a843352,660c44324910c6b515544704,APPROVED,Not Applicable,2024-06-06T19:36:15.694000Z,2024-06-06T19:45:30.765000Z,2024-06-07T18:44:39.549000Z,2024-06-06T19:45:53.205967Z,556.0,CWCSHZAX,434,No,48,Female,White,United States,United States,United States,English,No,Full-Time
66620fad8ed85217ecb0731c,6626aca000aab07fdd4147c0,APPROVED,Not Applicable,2024-06-06T19:36:20.268000Z,2024-06-06T19:50:23.052000Z,2024-06-07T18:44:39.764000Z,2024-06-06T19:52:13.245070Z,843.0,CWCSHZAX,182,No,42,Female,White,United States,United States,United States,English,No,Part-Time
66620fb8e762e741abb9e85a,6608917380a92be5ddb06c34,APPROVED,Not Applicable,2024-06-06T19:36:32.827000Z,2024-06-06T19:59:22.628000Z,2024-06-07T18:44:39.985000Z,2024-06-06T19:59:23.726006Z,1370.0,CWCSHZAX,354,No,63,Female,White,United States,United States,United States,English,Yes,Other
66620fc3a89d19b10f5439b0,559d303cfdf99b7e7408f0c2,APPROVED,Not Applicable,2024-06-06T19:36:52.688000Z,2024-06-06T19:50:04.913000Z,2024-06-07T18:44:40.218000Z,2024-06-06T19:50:32.171362Z,793.0,CWCSHZAX,2096,No,61,Female,White,United States,United States,United States,English,No,Other
66620fcfbcb7c756bda0eb1a,66293a97afaf09c613477f83,APPROVED,Not Applicable,2024-06-06T19:36:53.823000Z,2024-06-06T19:49:36.233000Z,2024-06-07T18:44:40.445000Z,2024-06-06T19:49:55.312589Z,763.0,CWCSHZAX,140,No,55,Female,White,United States,United States,United States,English,No,"Not in paid work (e.g. homemaker', 'retired or disabled)"
66620fdb406b34651e8aa354,637ee50cc77b108334722a2f,APPROVED,Not Applicable,2024-06-06T19:37:03.435000Z,2024-06-06T19:47:18.155000Z,2024-06-07T18:44:40.675000Z,2024-06-06T19:47:25.823268Z,615.0,CWCSHZAX,335,Don't know,49,Male,White,United States,United States,United States,English,No,Unemployed (and job seeking)
66620fde00329e0f4437b021,5e120ac3ac9e168a3f6ded71,APPROVED,Not Applicable,2024-06-06T19:37:08.820000Z,2024-06-06T19:56:27.765000Z,2024-06-07T18:44:40.890000Z,2024-06-06T19:56:28.209297Z,1159.0,CWCSHZAX,2319,Don't know,62,Male,White,United States,United States,United States,English,No,Full-Time
66620fe49a2c7c294fca09e2,6646549afac8591a6734e084,RETURNED,Not Applicable,2024-06-06T19:37:17.458000Z,,,2024-06-26T18:43:57.496983Z,,,76,CONSENT_REVOKED,CONSENT_REVOKED,CONSENT_REVOKED,CONSENT_REVOKED,CONSENT_REVOKED,CONSENT_REVOKED,CONSENT_REVOKED,CONSENT_REVOKED,CONSENT_REVOKED,CONSENT_REVOKED
66620feb9daeef020a304672,6601c47dbc5b1b7c9f1b3fde,APPROVED,Not Applicable,2024-06-06T19:37:22.144000Z,2024-06-06T19:41:54.185000Z,2024-06-07T18:44:41.111000Z,2024-06-06T19:42:37.475291Z,273.0,CWCSHZAX,501,No,43,Female,White,United States,United States,United States,English,No,Full-Time
66621003e539e01f92da8a07,5b646a727c39ee00010a18b0,APPROVED,Not Applicable,2024-06-06T19:38:04.992000Z,2024-06-06T20:02:13.201000Z,2024-06-07T18:44:41.324000Z,2024-06-06T20:02:13.957650Z,1449.0,CWCSHZAX,4803,No,45,Male,White,United States,United States,United States,English,No,Unemployed (and job seeking)
66621009ac76f90f28a6edbc,6315a102cb675027354ef5d8,APPROVED,Not Applicable,2024-06-06T19:37:50.909000Z,2024-06-06T20:11:58.654000Z,2024-06-07T18:44:41.560000Z,2024-06-06T20:13:01.672843Z,2048.0,CWCSHZAX,3217,No,30,Male,Black,United States,United States,United States,English,No,Full-Time
666210109daeef020a30467b,6470f0a74d3e8cc83f27be31,APPROVED,Not Applicable,2024-06-06T19:37:55.635000Z,2024-06-06T20:02:58.477000Z,2024-06-07T18:44:41.950000Z,2024-06-06T20:03:26.451744Z,1503.0,CWCSHZAX,1049,Don't know,58,Female,White,United States,United States,United States,English,No,Unemployed (and job seeking)
6662102047609bb8b9f3b576,662eb7020d484162f2b4645a,APPROVED,Not Applicable,2024-06-06T19:38:13.563000Z,2024-06-06T19:50:41.378000Z,2024-06-07T18:44:42.182000Z,2024-06-06T19:52:26.737398Z,748.0,CWCSHZAX,71,Don't know,51,Female,White,United States,United States,United States,English,No,"Not in paid work (e.g. homemaker', 'retired or disabled)"
6662102047609bb8b9f3b579,654650713282e9e8d26d0b86,APPROVED,Not Applicable,2024-06-06T19:38:13.562000Z,2024-06-06T19:45:29.747000Z,2024-06-07T18:44:42.500000Z,2024-06-06T19:45:53.094240Z,437.0,CWCSHZAX,1980,No,43,Male,White,United States,United States,United States,English,No,Full-Time
66621021bd15689f0d78ab95,656b42294a6b098623723be7,APPROVED,Not Applicable,2024-06-06T19:38:12.908000Z,2024-06-06T19:45:01.797000Z,2024-06-07T18:44:42.824000Z,2024-06-06T19:45:39.825458Z,409.0,CWCSHZAX,955,Don't know,42,Male,White,United States,United States,United States,English,DATA_EXPIRED,Full-Time
6662103e114f99c089dd0079,5723c21ca300060009bc6d9d,APPROVED,Not Applicable,2024-06-06T19:38:45.922000Z,2024-06-06T20:12:24.921000Z,2024-06-07T18:44:43.102000Z,2024-06-06T20:13:01.506997Z,2019.0,CWCSHZAX,2080,No,45,Female,Asian,United States,United States,United States,English,No,Full-Time
6662104eee426b9dd369e128,6644c703d8e32fd739ab1622,APPROVED,Not Applicable,2024-06-06T19:39:01.105000Z,2024-06-06T19:49:53.717000Z,2024-06-07T18:44:43.309000Z,2024-06-06T19:50:17.485579Z,653.0,CWCSHZAX,235,Don't know,64,Female,White,United States,United States,United States,English,No,"Not in paid work (e.g. homemaker', 'retired or disabled)"
666210530808ecf643b44ebe,6653555307ec2f4e0778f9c6,APPROVED,Not Applicable,2024-06-06T19:39:04.487000Z,2024-06-06T20:09:39.082000Z,2024-06-07T18:44:43.521000Z,2024-06-06T20:12:51.834662Z,1835.0,CWCSHZAX,25,Don't know,31,Female,Black,United States,United States,United States,English,No,"Not in paid work (e.g. homemaker', 'retired or disabled)"
66621056860c05fcca83a51a,641359b5040c453203e2c088,APPROVED,Not Applicable,2024-06-06T19:39:30.028000Z,2024-06-06T19:49:00.448000Z,2024-06-07T18:44:43.738000Z,2024-06-06T19:49:20.214319Z,571.0,CWCSHZAX,2581,No,23,Male,Mixed,United States,United States,United States,English,DATA_EXPIRED,DATA_EXPIRED
6662105d9474f26fc8eabcdf,5e571601a5b2230d6d2cb29e,TIMED-OUT,Not Applicable,2024-06-06T19:39:22.897000Z,,,2024-06-26T18:43:57.607853Z,1724675.0,,1331,Don't know,31,Female,White,United States,United States,United States,English,No,Part-Time
6662105df36f94fe9bec2cde,661d30ee2ef56b65e092a2f7,APPROVED,Not Applicable,2024-06-06T19:39:34.808000Z,2024-06-06T19:44:49.134000Z,2024-06-07T18:44:43.961000Z,2024-06-06T19:45:11.423232Z,315.0,CWCSHZAX,56,No,29,Female,White,United States,United States,United States,English,Yes,Full-Time
666210655c63673016543ab9,586371807fbbcd00013972ad,APPROVED,Not Applicable,2024-06-06T19:39:26.786000Z,2024-06-06T19:48:57.333000Z,2024-06-07T18:44:44.169000Z,2024-06-06T19:49:18.518720Z,571.0,CWCSHZAX,984,No,35,Male,White,United States,United States,United States,English,No,Other
666210672cb9783f419918a0,64d50c4b3a44318d98f4f5b2,APPROVED,Not Applicable,2024-06-06T19:39:26.879000Z,2024-06-06T19:53:11.661000Z,2024-06-07T18:44:44.385000Z,2024-06-06T19:55:11.168072Z,825.0,CWCSHZAX,1946,Don't know,50,Female,White,United States,United States,United States,English,No,Unemployed (and job seeking)
6662106edfdbfc547c3c5ae3,5e2f5b28129198070e2996db,APPROVED,Not Applicable,2024-06-06T19:40:17.958000Z,2024-06-06T20:04:33.451000Z,2024-06-07T18:44:44.608000Z,2024-06-06T20:04:46.385771Z,1456.0,CWCSHZAX,7333,Don't know,80,Female,White,United States,United States,United States,English,No,"Not in paid work (e.g. homemaker', 'retired or disabled)"
6662108a88a6364937fe45b2,5fc6e3a0040c3f0e7cb45c8a,APPROVED,Not Applicable,2024-06-06T19:40:02.466000Z,2024-06-06T20:19:09.188000Z,2024-06-07T18:44:44.815000Z,2024-06-06T20:19:53.289188Z,2347.0,CWCSHZAX,6503,No,34,Female,White,United States,United States,United States,English,No,"Not in paid work (e.g. homemaker', 'retired or disabled)"
666210a1cfc8aeaad0697bf2,65fc87e42f6d8a016aa30829,APPROVED,Not Applicable,2024-06-06T19:40:22.576000Z,2024-06-06T19:56:31.507000Z,2024-06-07T18:44:45.055000Z,2024-06-06T19:56:32.009420Z,969.0,CWCSHZAX,193,Don't know,38,Male,White,United States,United States,United States,English,No,Full-Time
666210a7a89d19b10f5439ee,5e94fc39cc318836529fd876,RETURNED,Not Applicable,2024-06-06T19:40:23.944000Z,,,2024-06-26T18:43:57.567036Z,,,3896,CONSENT_REVOKED,CONSENT_REVOKED,CONSENT_REVOKED,CONSENT_REVOKED,CONSENT_REVOKED,CONSENT_REVOKED,CONSENT_REVOKED,CONSENT_REVOKED,CONSENT_REVOKED,CONSENT_REVOKED
666210ab1ec21a24bd1d8da5,631916c5e920aea5076777b0,APPROVED,Not Applicable,2024-06-06T19:42:16.027000Z,2024-06-06T19:55:27.036000Z,2024-06-07T18:44:45.355000Z,2024-06-06T19:55:27.513061Z,792.0,CWCSHZAX,2707,Don't know,39,Male,White,United States,United States,United States,English,No,Full-Time
666210acad4e99c7447556e8,64fa825ca23617b750fdb4c6,APPROVED,Not Applicable,2024-06-06T19:40:32.379000Z,2024-06-06T19:54:01.372000Z,2024-06-07T18:44:45.605000Z,2024-06-06T19:55:13.391631Z,809.0,CWCSHZAX,1232,Don't know,61,Male,White,United States,United States,United States,English,No,"Not in paid work (e.g. homemaker', 'retired or disabled)"
666210ae5f017f31576c059f,6431c58ce5be91cd5c2c5d8f,APPROVED,Not Applicable,2024-06-06T19:40:34.461000Z,2024-06-06T19:47:51.370000Z,2024-06-07T18:44:45.837000Z,2024-06-06T19:48:14.729305Z,437.0,CWCSHZAX,3354,No,54,Male,White,United States,United States,United States,English,No,Full-Time
666210bc5671954bb2dfdd0f,6635c85dd8b7bc10073b323b,APPROVED,Not Applicable,2024-06-06T19:40:50.176000Z,2024-06-06T19:50:24.295000Z,2024-06-07T18:44:46.074000Z,2024-06-06T19:52:14.273309Z,575.0,CWCSHZAX,160,Don't know,46,Male,White,United States,United States,United States,English,No,Full-Time
666210d2771b9bf8dd0adea3,65aeca69e18c7d061e871498,APPROVED,Not Applicable,2024-06-06T19:41:18.695000Z,2024-06-06T20:13:16.834000Z,2024-06-07T18:44:46.302000Z,2024-06-06T20:13:17.361878Z,1919.0,CWCSHZAX,416,No,69,Female,Black,Anguilla,United States,British Indian Ocean Territory,English,No,"Not in paid work (e.g. homemaker', 'retired or disabled)"
666210d7d4f4f0e54182583c,65f772f3aa9026db59ec6685,APPROVED,Not Applicable,2024-06-06T19:41:15.853000Z,2024-06-06T19:49:23.070000Z,2024-06-07T18:44:46.524000Z,2024-06-06T19:49:42.870407Z,488.0,CWCSHZAX,474,No,39,Female,White,United States,United States,United States,English,No,"Not in paid work (e.g. homemaker', 'retired or disabled)"
666210ebc97aaf2db6079eac,6519814843aa46d52ff07e63,RETURNED,Not Applicable,2024-06-06T19:41:36.115000Z,,,2024-06-26T18:43:57.644740Z,,,348,CONSENT_REVOKED,CONSENT_REVOKED,CONSENT_REVOKED,CONSENT_REVOKED,CONSENT_REVOKED,CONSENT_REVOKED,CONSENT_REVOKED,CONSENT_REVOKED,CONSENT_REVOKED,CONSENT_REVOKED
666211193f6f0e1083bec6c8,5c6d7db58f6257000148f61d,APPROVED,Not Applicable,2024-06-06T19:42:20.716000Z,2024-06-06T19:47:52.336000Z,2024-06-07T18:44:46.743000Z,2024-06-06T19:48:16.369667Z,332.0,CWCSHZAX,3844,Don't know,32,Male,White,United States,United States,United States,English,No,Part-Time
6662111cd2fc203d9834fa60,654bc148c95bca00d541ec33,APPROVED,Not Applicable,2024-06-06T19:42:27.864000Z,2024-06-06T19:51:55.130000Z,2024-06-07T18:44:46.958000Z,2024-06-06T19:55:03.845480Z,568.0,CWCSHZAX,1024,No,53,Female,White,United States,United States,United States,English,DATA_EXPIRED,Full-Time
66621131c261a54942246f15,62d59a066ee263bb659aa445,APPROVED,Not Applicable,2024-06-06T19:43:34.533000Z,2024-06-06T19:54:49.656000Z,2024-06-07T18:44:47.197000Z,2024-06-06T19:55:15.639736Z,676.0,CWCSHZAX,5779,No,70,Female,White,United States,United States,United States,English,No,"Not in paid work (e.g. homemaker', 'retired or disabled)"
666211399c2a22de10a6edd1,6529648ca1ade4b6c9e876f4,APPROVED,Not Applicable,2024-06-06T19:42:57.323000Z,2024-06-06T19:55:49.197000Z,2024-06-07T18:44:47.451000Z,2024-06-06T19:55:49.741471Z,772.0,CWCSHZAX,1520,No,54,Female,Mixed,United States,United States,United States,English,No,Part-Time
6662113b9daeef020a3046c5,6012e262527c380ccb2a6c74,APPROVED,Not Applicable,2024-06-06T19:42:53.681000Z,2024-06-06T20:08:35.734000Z,2024-06-07T18:44:47.669000Z,2024-06-06T20:12:39.803823Z,1543.0,CWCSHZAX,5877,No,50,Male,White,United States,United States,United States,English,DATA_EXPIRED,Part-Time
66621147acf5a186eab744ad,5e542a0c4b7e8c42fafa7216,APPROVED,Not Applicable,2024-06-06T19:43:08.775000Z,2024-06-06T20:05:54.670000Z,2024-06-07T18:44:47.886000Z,2024-06-06T20:08:29.487687Z,1366.0,CWCSHZAX,5620,Don't know,56,Male,Asian,United States,United States,United States,English,No,Full-Time
666211556bd723c39068f9a0,546e3778fdf99b2bc7ebcff6,APPROVED,Not Applicable,2024-06-06T19:43:28.358000Z,2024-06-06T20:14:01.371000Z,2024-06-07T18:44:48.103000Z,2024-06-06T20:14:02.442259Z,1834.0,CWCSHZAX,7440,No,76,Female,White,United States,United States,United States,English,No,"Not in paid work (e.g. homemaker', 'retired or disabled)"
666211675c2347636740b056,62fba37f3560a85b4eb94aac,APPROVED,Not Applicable,2024-06-06T19:46:23.971000Z,2024-06-06T19:54:40.447000Z,2024-06-07T18:44:48.317000Z,2024-06-06T19:55:15.240097Z,497.0,CWCSHZAX,4133,Don't know,46,Male,White,United States,United States,United States,English,No,Full-Time
66621176371de231331b37d1,5a21f3731a1ad3000138f901,APPROVED,Not Applicable,2024-06-06T19:44:10.283000Z,2024-06-06T19:58:04.444000Z,2024-06-07T18:44:48.530000Z,2024-06-06T19:58:05.025749Z,835.0,CWCSHZAX,1233,Don't know,58,Male,White,United States,United States,United States,English,No,Other
6662117a4ed97c869a7fbb02,654287b7f8958a83a5c611fd,APPROVED,Not Applicable,2024-06-06T19:44:04.877000Z,2024-06-06T19:55:11.038000Z,2024-06-07T18:44:48.742000Z,2024-06-06T19:55:16.636565Z,667.0,CWCSHZAX,1500,No,69,Female,White,United States,United States,United States,English,No,Part-Time
6662119024e026748f41c004,5af02a8bda839c0001e4cde7,APPROVED,Not Applicable,2024-06-06T19:44:27.473000Z,2024-06-06T20:21:07.430000Z,2024-06-07T18:44:48.958000Z,2024-06-06T20:21:28.431628Z,2200.0,CWCSHZAX,352,Don't know,66,Female,Black,Saint Kitts and Nevis,United States,United States,English,No,Part-Time
666211a2e132c623fd632088,60e675dd684aa22250c64eeb,APPROVED,Not Applicable,2024-06-06T19:44:38.289000Z,2024-06-06T20:01:07.297000Z,2024-06-07T18:44:49.210000Z,2024-06-06T20:01:07.767584Z,990.0,CWCSHZAX,1005,No,28,Male,White,United States,United States,United States,English,No,Full-Time
666211ac79db827d6a196b73,661ae4c8f2765048a7d04925,APPROVED,Not Applicable,2024-06-06T19:44:47.789000Z,2024-06-06T19:52:07.346000Z,2024-06-07T18:44:49.440000Z,2024-06-06T19:55:05.077989Z,440.0,CWCSHZAX,357,Don't know,28,Female,Other,Peru,United States,United States,Spanish,No,Unemployed (and job seeking)
666211c3f00fd6264e417e5e,64d50a995a3627ba7ebeccb7,APPROVED,Not Applicable,2024-06-06T19:45:12.665000Z,2024-06-06T20:02:20.510000Z,2024-06-07T18:44:49.680000Z,2024-06-06T20:02:21.120502Z,1028.0,CWCSHZAX,1282,Don't know,57,Female,White,United States,United States,United States,English,No,Part-Time
666211e95def1ae56227cbb3,5bf6fc936c445d0001aeba98,APPROVED,Not Applicable,2024-06-06T19:47:48.405000Z,2024-06-06T19:56:44.646000Z,2024-06-07T18:44:49.897000Z,2024-06-06T19:56:45.040108Z,537.0,CWCSHZAX,6029,No,43,Male,White,United States,United States,United States,English,No,Full-Time
6662120d45bce5c30850d5b6,5ea25b82a46065174c689daa,APPROVED,Not Applicable,2024-06-06T19:46:43.677000Z,2024-06-06T20:04:49.272000Z,2024-06-07T18:44:50.115000Z,2024-06-06T20:04:58.071213Z,1086.0,CWCSHZAX,6935,No,54,Male,White,Israel,United States,United States,English,DATA_EXPIRED,DATA_EXPIRED
6662122bba66904d654d0332,64499fee96893c7a3ec6b883,APPROVED,Not Applicable,2024-06-06T19:46:56.558000Z,2024-06-06T19:57:43.357000Z,2024-06-07T18:44:50.330000Z,2024-06-06T20:57:57.756204Z,647.0,CWCSHZAX,2856,No,75,Male,White,United States,United States,United States,English,No,"Not in paid work (e.g. homemaker', 'retired or disabled)"
6662125a8cd7a9c83333d3ed,65bf9e20cfe3003fb540f97d,APPROVED,Not Applicable,2024-06-06T19:55:09.347000Z,2024-06-06T20:03:47.941000Z,2024-06-07T18:44:50.562000Z,2024-06-06T20:04:01.454498Z,519.0,CWCSHZAX,242,No,63,Male,White,United States,United States,United States,English,No,Part-Time
666212655e79648d473d3161,660480647ac06fc541cfda59,APPROVED,Not Applicable,2024-06-06T19:47:53.636000Z,2024-06-06T20:06:40.963000Z,2024-06-07T18:44:50.848000Z,2024-06-06T20:09:43.715252Z,1128.0,CWCSHZAX,494,No,56,Female,White,United States,United States,United States,English,No,"Not in paid work (e.g. homemaker', 'retired or disabled)"
6662126876b2b3c12b4f5baf,63d1819e544fa53e891614ec,APPROVED,Not Applicable,2024-06-06T19:48:00.939000Z,2024-06-06T20:03:33.775000Z,2024-06-07T18:44:51.113000Z,2024-06-06T20:03:47.054641Z,933.0,CWCSHZAX,3594,Don't know,36,Female,White,United States,United States,United States,English,No,Unemployed (and job seeking)
66621283cf7d7c1213593a14,6634f79f9dc7092ff0170534,APPROVED,Not Applicable,2024-06-06T19:48:32.997000Z,2024-06-06T19:55:51.675000Z,2024-06-07T18:44:51.340000Z,2024-06-06T19:55:52.109495Z,439.0,CWCSHZAX,260,No,35,Female,White,United States,United States,United States,English,No,"Not in paid work (e.g. homemaker', 'retired or disabled)"
6662128e3a480b1e6cc0571e,5e41a52038926b03b5357afb,APPROVED,Not Applicable,2024-06-06T19:48:34.513000Z,2024-06-06T20:13:13.672000Z,2024-06-07T18:44:51.553000Z,2024-06-06T20:13:14.067986Z,1480.0,CWCSHZAX,1426,Don't know,58,Female,Black,United States,United States,United States,English,Yes,Part-Time
666212907d44419f13ca8f84,66425b909aae70aee489bef5,APPROVED,Not Applicable,2024-06-06T19:48:37.290000Z,2024-06-06T19:56:34.961000Z,2024-06-07T18:44:51.804000Z,2024-06-06T19:56:35.709273Z,478.0,CWCSHZAX,112,No,33,Female,White,United States,United States,United States,English,No,Full-Time
6662129ed6f27f0e889bea5e,663139cbb8723d403f4e7fc8,APPROVED,Not Applicable,2024-06-06T19:52:29.126000Z,2024-06-06T19:57:35.796000Z,2024-06-07T18:44:52.059000Z,2024-06-06T19:57:36.307773Z,307.0,CWCSHZAX,241,No,46,Male,White,Ukraine,United States,United States,English,No,Full-Time
666212be106bcfd2a341bf5a,628fb4c3880a08418cedd2d2,APPROVED,Not Applicable,2024-06-06T19:51:46.676000Z,2024-06-06T20:02:59.103000Z,2024-06-07T18:44:52.294000Z,2024-06-06T20:03:26.824666Z,673.0,CWCSHZAX,1402,Don't know,48,Male,Black,Ghana,United States,United States,English,DATA_EXPIRED,DATA_EXPIRED
666212c496bb7dd754b9e7cb,5c0ea3b7481b47000182320a,APPROVED,Not Applicable,2024-06-06T19:49:27.952000Z,2024-06-06T20:08:47.474000Z,2024-06-07T18:44:53.110000Z,2024-06-06T20:12:43.302692Z,1160.0,CWCSHZAX,224,No,41,Female,White,United States,United States,United States,English,No,"Not in paid work (e.g. homemaker', 'retired or disabled)"
666212c6b0d417b6395bd7ee,66553eb5f10b5700001d20de,APPROVED,Not Applicable,2024-06-06T19:49:32.853000Z,2024-06-06T20:00:57.106000Z,2024-06-07T18:44:53.359000Z,2024-06-06T20:00:57.820665Z,685.0,CWCSHZAX,47,Don't know,26,Male,White,South Africa,United States,United States,English,No,Full-Time
666212cb61cadca58f3c5af3,5f3ebd568c429614c0f595e8,APPROVED,Not Applicable,2024-06-06T19:49:39.774000Z,2024-06-06T20:00:19.612000Z,2024-06-07T18:44:53.587000Z,2024-06-06T21:00:30.608545Z,640.0,CWCSHZAX,4743,No,43,Male,White,United States,United States,United States,English,No,Full-Time
666212cf9c2a22de10a6ee3a,6632b8900bccb6b2c72f5811,APPROVED,Not Applicable,2024-06-06T19:49:40.047000Z,2024-06-06T19:58:27.715000Z,2024-06-07T18:44:53.830000Z,2024-06-06T19:58:28.358039Z,528.0,CWCSHZAX,116,Don't know,48,Female,White,United States,United States,United States,English,No,"Not in paid work (e.g. homemaker', 'retired or disabled)"
666212e0018e8bca15a30ca5,636d19c8d8a6c6ef4d37ff41,APPROVED,Not Applicable,2024-06-06T19:49:57.903000Z,2024-06-06T19:58:59.053000Z,2024-06-07T18:43:38.606000Z,2024-06-06T19:58:59.535511Z,542.0,CWCSHZAX,3499,Don't know,52,Female,White,United States,United States,United States,English,No,Full-Time
666212fbdf6da65f4762dc6e,644a9d92849b27eb99202a91,TIMED-OUT,Not Applicable,2024-06-06T19:50:29.850000Z,,,2024-06-26T18:43:57.624138Z,1724008.0,,3119,No,56,Female,White,United States,United States,United States,English,DATA_EXPIRED,Other
66621315018e8bca15a30cb6,5fc1b59370c9de1ad16360cf,APPROVED,Not Applicable,2024-06-06T19:50:48.856000Z,2024-06-06T20:03:11.253000Z,2024-06-07T18:43:38.943000Z,2024-06-06T20:03:31.476805Z,743.0,CWCSHZAX,1479,No,40,Male,White,United States,United States,United States,English,No,Full-Time
6662131d05ba52a06a8433f5,5ffc9b8e0cbe201153a2b381,APPROVED,Not Applicable,2024-06-06T19:51:27.527000Z,2024-06-06T20:31:24.246000Z,2024-06-07T18:43:39.155000Z,2024-06-06T20:32:02.803521Z,2397.0,CWCSHZAX,5726,No,36,Male,Asian,United States,United States,United States,English,Yes,Full-Time
66621326c8980fbdd17477ce,57c304c04814b5000171d4ce,APPROVED,Not Applicable,2024-06-06T19:51:07.554000Z,2024-06-06T20:02:02.453000Z,2024-06-07T18:43:39.367000Z,2024-06-06T20:02:04.812863Z,655.0,CWCSHZAX,1650,Don't know,47,Male,White,United States,United States,United States,English,No,Full-Time
6662133b5c2347636740b0bb,615255b4eaef0828fb106792,APPROVED,Not Applicable,2024-06-06T19:51:27.684000Z,2024-06-06T20:03:54.953000Z,2024-06-07T18:43:39.585000Z,2024-06-06T20:04:05.732999Z,748.0,CWCSHZAX,201,No,48,Female,White,United States,United States,United States,English,No,Full-Time
6662134c2e49a05e5059101a,660f13c4c857c321875bbf81,APPROVED,Not Applicable,2024-06-06T19:51:46.444000Z,2024-06-06T20:03:15.971000Z,2024-06-07T18:43:39.803000Z,2024-06-06T20:03:33.965484Z,690.0,CWCSHZAX,462,No,50,Female,White,United States,United States,United States,English,No,Full-Time
666213745f017f31576c066f,644ee5a8f25289f7efacbef4,APPROVED,Not Applicable,2024-06-06T19:52:29.969000Z,2024-06-06T20:12:13.153000Z,2024-06-07T18:43:40.022000Z,2024-06-06T20:13:01.411724Z,1184.0,CWCSHZAX,2910,Don't know,63,Female,White,United States,United States,United States,English,No,Part-Time
66621376f93259c1a3889f0a,6500a0fad9712a314c43f1d0,APPROVED,Not Applicable,2024-06-06T19:52:27.709000Z,2024-06-06T20:01:30.751000Z,2024-06-07T18:43:40.266000Z,2024-06-06T20:01:31.399205Z,544.0,CWCSHZAX,626,Don't know,33,Female,White,United States,United States,United States,English,No,Part-Time
66621391e78f21dd82fcd631,61505f46e94de4ad2220dcbf,APPROVED,Not Applicable,2024-06-06T19:52:52.685000Z,2024-06-06T20:02:15.307000Z,2024-06-07T18:43:40.521000Z,2024-06-06T20:02:15.787512Z,563.0,CWCSHZAX,1935,Don't know,40,Female,White,United States,United States,United States,English,Yes,Full-Time
666213933b8f136c93a4e4c2,664e83348c0db6054db430f7,APPROVED,Not Applicable,2024-06-06T19:52:57.753000Z,2024-06-06T20:07:21.410000Z,2024-06-07T18:43:40.726000Z,2024-06-06T20:10:40.455622Z,864.0,CWCSHZAX,28,No,36,Female,White,United States,United States,United States,English,No,Unemployed (and job seeking)
666213a6ad4e99c744755789,62a779f845a7840040d41bf8,APPROVED,Not Applicable,2024-06-06T19:54:15.264000Z,2024-06-06T20:06:39.036000Z,2024-06-07T18:43:41.232000Z,2024-06-06T20:09:39.651557Z,744.0,CWCSHZAX,2369,No,31,Male,Other,United States,United States,United States,English,DATA_EXPIRED,Full-Time
666213aa3b8f136c93a4e4ca,5ff591cba89e1b000bfb9852,APPROVED,Not Applicable,2024-06-06T19:53:17.969000Z,2024-06-06T20:00:05.096000Z,2024-06-07T18:43:41.443000Z,2024-06-06T20:00:27.288776Z,408.0,CWCSHZAX,8780,Don't know,38,Male,White,United States,United States,United States,English,No,Full-Time
666213aed94e5cb49f62de04,6604610e7a4c3d8b8aa2309f,APPROVED,Not Applicable,2024-06-06T19:54:07.103000Z,2024-06-06T20:07:21.741000Z,2024-06-07T18:43:41.661000Z,2024-06-06T20:10:43.291964Z,795.0,CWCSHZAX,310,No,52,Female,White,United States,United States,United States,English,No,Full-Time
666213c61ec21a24bd1d8e85,6627722f249e56fcefd07b8c,APPROVED,Not Applicable,2024-06-06T19:53:47.554000Z,2024-06-06T19:57:20.937000Z,2024-06-07T18:43:41.873000Z,2024-06-06T19:57:21.445407Z,214.0,CWCSHZAX,264,Don't know,25,Female,White,United States,United States,United States,English,No,Other
666213c9a25ad4decd2b1707,59d1e366faf42e00012b6c1c,APPROVED,Not Applicable,2024-06-06T19:53:50.917000Z,2024-06-06T20:04:35.730000Z,2024-06-07T18:43:42.087000Z,2024-06-06T20:04:48.245505Z,645.0,CWCSHZAX,8089,No,57,Female,Mixed,United States,United States,United States,English,No,"Not in paid work (e.g. homemaker', 'retired or disabled)"
666213d17e2840ac11ca8fde,65d9b9d1a3e1db17a5aea994,APPROVED,Not Applicable,2024-06-06T19:53:59.079000Z,2024-06-06T20:05:55.945000Z,2024-06-07T18:43:42.465000Z,2024-06-06T20:08:32.054180Z,717.0,CWCSHZAX,250,Don't know,43,Female,White,United States,United States,United States,English,No,Unemployed (and job seeking)
666213d5bd15689f0d78aca2,662047d9ef8599fb4c8a00d5,APPROVED,Not Applicable,2024-06-06T19:53:57.665000Z,2024-06-06T20:07:16.896000Z,2024-06-07T18:43:42.670000Z,2024-06-06T20:10:33.703146Z,800.0,CWCSHZAX,218,Don't know,31,Female,White,United States,United States,United States,English,Yes,Part-Time
666213d8c261a54942246fd5,66464d08dfaf4203d958e13b,APPROVED,Not Applicable,2024-06-06T19:54:03.039000Z,2024-06-06T20:06:02.128000Z,2024-06-07T18:43:42.875000Z,2024-06-06T20:08:39.508296Z,720.0,CWCSHZAX,189,Don't know,33,Male,Mixed,United States,United States,United States,English,No,Full-Time
666213f47e45c6cacfe7c616,60fe0b73bbb479e45039b320,APPROVED,Not Applicable,2024-06-06T19:54:32.551000Z,2024-06-06T20:01:40.851000Z,2024-06-07T18:43:43.078000Z,2024-06-06T20:01:41.334086Z,429.0,CWCSHZAX,4320,No,41,Male,White,United States,United States,United States,English,No,Unemployed (and job seeking)
666214060723cb029e989688,5d88f2c014ae0000010d92a7,APPROVED,Not Applicable,2024-06-06T19:54:49.285000Z,2024-06-06T20:04:02.495000Z,2024-06-07T18:43:43.284000Z,2024-06-06T20:04:11.716922Z,554.0,CWCSHZAX,3718,No,73,Female,White,United States,United States,United States,English,No,Full-Time
6662141d733679c3d1ec2c27,65b92135e296f28cb1a093c3,APPROVED,Not Applicable,2024-06-06T19:55:15.411000Z,2024-06-06T20:07:06.866000Z,2024-06-07T18:43:43.483000Z,2024-06-06T20:10:20.502389Z,712.0,CWCSHZAX,996,Don't know,65,Male,White,United States,United States,United States,English,No,"Not in paid work (e.g. homemaker', 'retired or disabled)"
6662143cc143ca548bcaafca,62e2deadd18974300540f870,APPROVED,Not Applicable,2024-06-06T19:55:44.560000Z,2024-06-06T20:03:36.430000Z,2024-06-07T18:43:43.688000Z,2024-06-06T20:03:51.347180Z,472.0,CWCSHZAX,3107,No,38,Male,White,United States,United States,United States,English,No,Full-Time
6662145047e15ebf4719be72,631542cace8d3c032e1acbd0,APPROVED,Not Applicable,2024-06-06T19:56:04.856000Z,2024-06-06T20:14:17.443000Z,2024-06-07T18:43:43.890000Z,2024-06-06T20:14:17.967225Z,1093.0,CWCSHZAX,1994,Don't know,41,Male,White,United States,United States,United States,English,No,Unemployed (and job seeking)
66621453b9b110fb26375a22,652d5338854ab0ee391b91df,APPROVED,Not Applicable,2024-06-06T19:56:38.216000Z,2024-06-06T20:44:26.111000Z,2024-06-07T18:43:44.097000Z,2024-06-06T20:44:26.547204Z,2868.0,CWCSHZAX,905,No,57,Male,Other,United States,United States,United States,English,No,Full-Time
6662145f855fbcd7995bd7b7,665f933e2509aaa435bd1b56,APPROVED,Not Applicable,2024-06-06T19:56:27.436000Z,2024-06-06T20:08:08.431000Z,2024-06-07T18:43:44.314000Z,2024-06-06T20:12:10.408520Z,701.0,CWCSHZAX,10,No,57,Female,White,United States,United States,United States,English,No,Full-Time
6662148524e026748f41c0ed,66339cc7d05e27f34b2847cd,APPROVED,Not Applicable,2024-06-06T19:57:00.040000Z,2024-06-06T20:16:47.550000Z,2024-06-07T18:43:44.521000Z,2024-06-06T20:19:02.676736Z,1188.0,CWCSHZAX,157,Don't know,43,Female,Black,Jamaica,United States,United States,English,No,Unemployed (and job seeking)
6662148d371de231331b3867,6646529f711645c2f155d559,APPROVED,Not Applicable,2024-06-06T19:57:08.311000Z,2024-06-06T20:22:35.349000Z,2024-06-07T18:43:44.728000Z,2024-06-06T20:22:35.763420Z,1528.0,CWCSHZAX,10,No,23,Male,Mixed,United States,United States,United States,English,No,Unemployed (and job seeking)
666214b5d5e7dc6572ff16dd,5977466b68264c0001c49088,APPROVED,Not Applicable,2024-06-06T19:57:41.400000Z,2024-06-06T20:22:44.302000Z,2024-06-07T18:43:44.960000Z,2024-06-06T20:22:44.834388Z,1503.0,CWCSHZAX,1727,No,54,Male,White,United States,United States,United States,English,No,DATA_EXPIRED
666214bb7767cfdec4b0725e,602f329284781fbf09e0cafc,APPROVED,Not Applicable,2024-06-06T19:57:51.259000Z,2024-06-06T20:06:38.510000Z,2024-06-07T18:43:45.200000Z,2024-06-06T20:09:37.341347Z,528.0,CWCSHZAX,2400,Don't know,36,Male,White,United States,United States,United States,English,No,Other
666214d711990e887ceabe2e,65428ccce27a0d4dbf9beb82,APPROVED,Not Applicable,2024-06-06T19:58:22.436000Z,2024-06-06T20:29:29.635000Z,2024-06-07T18:43:45.408000Z,2024-06-06T20:31:51.011167Z,1868.0,CWCSHZAX,524,No,58,Male,Black,United States,United States,United States,English,Yes,Full-Time
666214e75671954bb2dfddd4,6627bde581fd6b5bed7ab611,APPROVED,Not Applicable,2024-06-06T19:58:35.288000Z,2024-06-06T20:09:00.090000Z,2024-06-07T18:43:45.619000Z,2024-06-06T20:12:47.364974Z,625.0,CWCSHZAX,163,Don't know,35,Female,Mixed,United States,United States,United States,English,No,Part-Time
66621500c261a54942247023,663bc78820f8922207fbb91a,APPROVED,Not Applicable,2024-06-06T19:59:01.073000Z,2024-06-06T20:16:02.774000Z,2024-06-07T18:43:45.854000Z,2024-06-06T20:16:03.280817Z,1022.0,CWCSHZAX,195,No,44,Female,White,United States,United States,United States,English,No,Part-Time
66621501d8f7dab64eca0a54,5909955b9e26f200016e1247,APPROVED,Not Applicable,2024-06-06T19:59:03.426000Z,2024-06-06T20:18:48.672000Z,2024-06-07T18:43:46.093000Z,2024-06-06T20:19:22.700875Z,1186.0,CWCSHZAX,3915,Don't know,62,Female,White,United States,United States,United States,English,No,Unemployed (and job seeking)
66621504839d0067d33a51ce,656f6720798caed9bcc79991,APPROVED,Not Applicable,2024-06-06T19:59:06.739000Z,2024-06-06T20:25:50.061000Z,2024-06-07T18:43:46.307000Z,2024-06-06T20:25:50.597271Z,1604.0,CWCSHZAX,161,Don't know,62,Male,Black,Ghana,United States,United States,English,Yes,Full-Time
6662150844858d9736ab069c,660c77dde93bf0750a18a235,APPROVED,Not Applicable,2024-06-06T20:00:38.818000Z,2024-06-06T20:13:26.624000Z,2024-06-07T18:43:46.519000Z,2024-06-06T20:13:28.025546Z,768.0,CWCSHZAX,314,No,54,Male,White,United States,United States,United States,English,No,Full-Time
666215114cbacf8a8f9eb2f2,663295ff6591cc34d9463282,APPROVED,Not Applicable,2024-06-06T19:59:19.421000Z,2024-06-06T20:10:46.758000Z,2024-06-07T18:43:46.722000Z,2024-06-06T20:12:57.147509Z,688.0,CWCSHZAX,48,Don't know,40,Female,White,United States,United States,Ireland,English,No,Part-Time
66621514c261a54942247025,6517301b6d21d25e19c7e501,APPROVED,Not Applicable,2024-06-06T20:01:39.680000Z,2024-06-06T20:13:21.780000Z,2024-06-07T18:43:46.948000Z,2024-06-06T20:13:23.169243Z,703.0,CWCSHZAX,1446,No,50,Male,White,United States,United States,United States,English,No,Full-Time
66621525f8cff88117543e2f,60d9e7e76cf2ab6d21eb5f99,APPROVED,Not Applicable,2024-06-06T19:59:38.572000Z,2024-06-06T20:12:23.079000Z,2024-06-07T18:43:47.164000Z,2024-06-06T20:13:01.485428Z,765.0,CWCSHZAX,6512,No,61,Female,White,United States,United States,United States,English,No,"Not in paid work (e.g. homemaker', 'retired or disabled)"
66621532ec34f31ab08d4da7,6634fb892af2e227ab65f004,APPROVED,Not Applicable,2024-06-06T19:59:53.988000Z,2024-06-06T20:14:12.091000Z,2024-06-07T18:43:47.373000Z,2024-06-06T20:14:12.630847Z,859.0,CWCSHZAX,64,No,40,Female,White,United States,United States,United States,English,No,Unemployed (and job seeking)
6662153bfa43fa0c7e697c9b,5d49f4a37e5ca20001f19677,APPROVED,Not Applicable,2024-06-06T19:59:59.542000Z,2024-06-06T20:12:53.014000Z,2024-06-07T18:43:47.577000Z,2024-06-06T20:13:01.984587Z,774.0,CWCSHZAX,1105,No,26,Female,White,United States,United States,United States,English,No,"Not in paid work (e.g. homemaker', 'retired or disabled)"
6662154949e6c72d923b8e11,60e36e6ecb9f00e7b4dab92e,APPROVED,Not Applicable,2024-06-06T20:00:53.765000Z,2024-06-06T20:12:42.295000Z,2024-06-07T18:43:47.778000Z,2024-06-06T20:13:01.920652Z,709.0,CWCSHZAX,5580,No,69,Male,White,United States,United States,United States,English,No,"Not in paid work (e.g. homemaker', 'retired or disabled)"
6662156857b332c5dbcaaecc,64a20e18b0f91aac5ea9a538,APPROVED,Not Applicable,2024-06-06T20:01:02.728000Z,2024-06-06T20:22:26.842000Z,2024-06-07T18:43:47.981000Z,2024-06-06T20:22:27.311827Z,1285.0,CWCSHZAX,3043,No,58,Female,Mixed,United States,United States,United States,English,No,Full-Time
6662156d8ed85217ecb074a9,64a6e31ef9a471c4f100c91f,APPROVED,Not Applicable,2024-06-06T20:00:50.476000Z,2024-06-06T20:17:17.654000Z,2024-06-07T18:43:48.196000Z,2024-06-06T20:19:10.173897Z,988.0,CWCSHZAX,2822,No,58,Male,White,United States,United States,United States,English,No,Full-Time
6662156fd2a612f7678aa2ec,5c1a4d7d1aea120001fdd685,APPROVED,Not Applicable,2024-06-06T20:00:52.505000Z,2024-06-06T20:09:02.019000Z,2024-06-07T18:43:48.437000Z,2024-06-06T20:12:47.650609Z,490.0,CWCSHZAX,2318,No,61,Female,White,United States,United States,United States,English,No,"Not in paid work (e.g. homemaker', 'retired or disabled)"
666215765671954bb2dfddf7,5fd7dc7806da330c9e393600,APPROVED,Not Applicable,2024-06-06T20:01:00.480000Z,2024-06-06T20:11:49.841000Z,2024-06-07T18:43:48.645000Z,2024-06-06T20:13:00.880015Z,650.0,CWCSHZAX,112,Don't know,23,Female,White,United States,United States,United States,English,No,Full-Time
6662157ace91684220fcd6f6,64879f5d9f337c313d23bb2d,APPROVED,Not Applicable,2024-06-06T20:01:03.232000Z,2024-06-06T20:09:03.467000Z,2024-06-07T18:43:48.855000Z,2024-06-06T20:12:47.870527Z,481.0,CWCSHZAX,2885,Don't know,53,Female,White,United States,United States,United States,English,No,Full-Time
6662157c756d64393da30c38,661fe506c6f89dbdf67e634d,APPROVED,Not Applicable,2024-06-06T20:01:05.249000Z,2024-06-06T20:07:00.931000Z,2024-06-07T18:43:49.082000Z,2024-06-06T20:10:11.630213Z,356.0,CWCSHZAX,331,No,22,Male,Black,United States,United States,United States,English,Yes,"Not in paid work (e.g. homemaker', 'retired or disabled)"
666215816e8ccafc7327b86b,5ca8ffbec942ab0016cfe9d2,APPROVED,Not Applicable,2024-06-06T20:01:15.235000Z,2024-06-06T20:12:03.802000Z,2024-06-07T18:43:49.292000Z,2024-06-06T20:13:01.415956Z,649.0,CWCSHZAX,7306,No,51,Male,White,United States,United States,United States,English,No,Full-Time
666215a7a281694ec901430b,5bc5552a23ecbb00012d6cb5,APPROVED,Not Applicable,2024-06-06T20:01:48.341000Z,2024-06-06T20:11:01.629000Z,2024-06-07T18:43:49.492000Z,2024-06-06T20:12:58.207786Z,554.0,CWCSHZAX,5991,No,68,Female,White,United States,United States,United States,English,No,Full-Time
666215f4511e9c0f471b0f3b,62728884995a1a76605d0214,APPROVED,Not Applicable,2024-06-06T20:03:06.870000Z,2024-06-06T20:12:24.604000Z,2024-06-07T18:43:49.697000Z,2024-06-06T20:13:02.393315Z,558.0,CWCSHZAX,2629,No,45,Female,White,United States,United States,United States,English,No,"Not in paid work (e.g. homemaker', 'retired or disabled)"
666215fcc97aaf2db6079fb0,5efa12cba7e3ee0b5bce95af,APPROVED,Not Applicable,2024-06-06T20:03:44.964000Z,2024-06-06T20:18:06.032000Z,2024-06-07T18:43:49.900000Z,2024-06-06T20:19:17.172242Z,862.0,CWCSHZAX,1374,No,60,Female,White,United States,United States,United States,English,No,Full-Time
66621601511e9c0f471b0f3e,602b456e7cdd702772f52e13,TIMED-OUT,Not Applicable,2024-06-06T20:03:17.590000Z,,,2024-06-26T18:43:57.807728Z,1723241.0,,2819,No,46,Male,Other,United States,United States,United States,English,No,"Not in paid work (e.g. homemaker', 'retired or disabled)"
6662162816d8ad35294f5cbb,660471517eb2df29a88092c7,APPROVED,Not Applicable,2024-06-06T20:03:57.675000Z,2024-06-06T20:20:56.548000Z,2024-06-07T18:43:50.106000Z,2024-06-06T20:21:24.314795Z,1019.0,CWCSHZAX,346,No,48,Female,White,Spain,United States,United States,English,No,Unemployed (and job seeking)
6662162b7285c2b8a5145c64,61762d78247d96d4b4b6c132,APPROVED,Not Applicable,2024-06-06T20:03:59.576000Z,2024-06-06T20:10:06.905000Z,2024-06-07T18:43:50.328000Z,2024-06-06T20:12:55.470250Z,368.0,CWCSHZAX,1203,Don't know,35,Male,White,United States,United States,United States,English,No,Full-Time
66621630399240a8913d2edb,663ab8a4d5bff4596f9a9de7,APPROVED,Not Applicable,2024-06-06T20:04:05.941000Z,2024-06-06T20:10:18.035000Z,2024-06-07T18:43:50.532000Z,2024-06-06T20:12:55.528887Z,373.0,CWCSHZAX,162,Don't know,20,Female,White,United States,United States,United States,English,No,Unemployed (and job seeking)
6662164824e026748f41c16e,5c6480b5f9b6300001c9d52c,APPROVED,Not Applicable,2024-06-06T20:04:29.009000Z,2024-06-06T20:13:13.283000Z,2024-06-07T18:43:50.730000Z,2024-06-06T20:13:13.894185Z,525.0,CWCSHZAX,3664,Don't know,62,Male,White,Slovenia,United States,Slovenia,English,DATA_EXPIRED,"Not in paid work (e.g. homemaker', 'retired or disabled)"
6662164f5472c3640090c85c,629082739390703f993b12bd,APPROVED,Not Applicable,2024-06-06T20:04:34.864000Z,2024-06-06T20:18:25.302000Z,2024-06-07T18:43:50.936000Z,2024-06-06T20:19:20.089412Z,831.0,CWCSHZAX,2794,No,30,Male,White,United States,United States,United States,English,Yes,Full-Time
666216563bd19415ad854976,644f255ec4f58fe559261911,RETURNED,Not Applicable,2024-06-06T20:04:44.118000Z,,,2024-06-26T18:43:57.676028Z,,,2830,CONSENT_REVOKED,CONSENT_REVOKED,CONSENT_REVOKED,CONSENT_REVOKED,CONSENT_REVOKED,CONSENT_REVOKED,CONSENT_REVOKED,CONSENT_REVOKED,CONSENT_REVOKED,CONSENT_REVOKED
66621659fb08b3466e19bdcc,5ea1dc309315030c68262aa3,APPROVED,Not Applicable,2024-06-06T20:04:47.720000Z,2024-06-06T20:14:33.786000Z,2024-06-07T18:43:51.142000Z,2024-06-06T20:14:34.324401Z,587.0,CWCSHZAX,1490,Don't know,61,Male,White,United States,United States,United States,English,No,Full-Time
66621661ddafc2d18a2ddf6e,5fcd9e11d619a5277a200dd5,APPROVED,Not Applicable,2024-06-06T20:04:53.746000Z,2024-06-06T20:29:49.220000Z,2024-06-07T18:43:51.345000Z,2024-06-06T20:31:57.352798Z,1496.0,CWCSHZAX,999,Don't know,38,Male,White,United States,United States,United States,English,No,Full-Time
66621662c261a54942247091,5d89590e521ad100164eccab,APPROVED,Not Applicable,2024-06-06T20:04:53.941000Z,2024-06-06T20:18:51.987000Z,2024-06-07T18:43:51.562000Z,2024-06-06T20:19:23.387689Z,839.0,CWCSHZAX,1113,Don't know,26,Female,White,United States,United States,United States,English,No,Other
666216710dead2fa51dfdfc1,66396a3580852c76b4efda1c,APPROVED,Not Applicable,2024-06-06T20:06:05.332000Z,2024-06-06T20:29:05.476000Z,2024-06-07T18:43:51.764000Z,2024-06-06T20:31:41.436199Z,1381.0,CWCSHZAX,70,Don't know,41,Female,Black,United States,United States,United States,English,No,Full-Time
66621676ddafc2d18a2ddf75,6637883767d244b8657dff41,APPROVED,Not Applicable,2024-06-06T20:05:17.255000Z,2024-06-06T20:35:04.817000Z,2024-06-07T18:43:51.974000Z,2024-06-06T20:35:05.249325Z,1788.0,CWCSHZAX,111,No,45,Female,Other,United States,United States,United States,English,No,Unemployed (and job seeking)
66621687e2a517491ce7c6e0,63ea974c81ff0fffe7fb8613,APPROVED,Not Applicable,2024-06-06T20:05:31.823000Z,2024-06-06T20:18:25.024000Z,2024-06-07T18:43:52.189000Z,2024-06-06T20:19:20.017235Z,774.0,CWCSHZAX,3532,No,59,Female,White,United States,United States,United States,English,DATA_EXPIRED,Full-Time
6662169d29a60dd6dee40e19,5fd66ce8aec66457ff73d743,APPROVED,Not Applicable,2024-06-06T20:05:53.789000Z,2024-06-06T20:14:03.241000Z,2024-06-07T18:43:52.397000Z,2024-06-06T20:14:04.242875Z,490.0,CWCSHZAX,3856,No,58,Female,White,United States,United States,United States,English,No,Full-Time
666216b7612c7c6a1e196cf9,65537db51dac576019f7457b,APPROVED,Not Applicable,2024-06-06T20:06:21.937000Z,2024-06-06T20:15:07.676000Z,2024-06-07T18:43:52.602000Z,2024-06-06T20:15:08.521412Z,526.0,CWCSHZAX,1120,No,55,Male,White,United States,United States,United States,English,No,Full-Time
666216c400329e0f4437b1bf,663cb982130f1384c9988214,APPROVED,Not Applicable,2024-06-06T20:06:36.334000Z,2024-06-06T20:19:00.589000Z,2024-06-07T18:43:53.132000Z,2024-06-06T20:19:25.511838Z,745.0,CWCSHZAX,172,No,37,Female,White,United States,United States,United States,English,No,"Not in paid work (e.g. homemaker', 'retired or disabled)"
666216e0f36f94fe9bec2e79,5e976f67be609822f1146463,APPROVED,Not Applicable,2024-06-06T20:12:11.662000Z,2024-06-06T20:21:22.650000Z,2024-06-07T18:43:53.442000Z,2024-06-06T20:21:39.822971Z,551.0,CWCSHZAX,6226,No,53,Male,White,United States,United States,United States,English,No,Part-Time
666216e1406b34651e8aa508,60712d937752fb8780e89951,APPROVED,Not Applicable,2024-06-06T20:07:00.678000Z,2024-06-06T20:13:30.560000Z,2024-06-07T18:43:53.650000Z,2024-06-06T20:13:31.286950Z,390.0,CWCSHZAX,7811,No,35,Male,White,United States,United States,United States,English,No,Full-Time
666216e247609bb8b9f3b722,603ecd847a63f50124aa5822,APPROVED,Not Applicable,2024-06-06T20:07:08.056000Z,2024-06-06T20:17:45.737000Z,2024-06-07T18:43:53.857000Z,2024-06-06T20:19:14.297474Z,638.0,CWCSHZAX,5138,No,28,Male,White,United States,United States,United States,English,No,DATA_EXPIRED
666216e91ec21a24bd1d8f5c,55a29659fdf99b5ff49937d3,APPROVED,Not Applicable,2024-06-06T20:07:10.712000Z,2024-06-06T20:18:09.820000Z,2024-06-07T18:43:54.059000Z,2024-06-06T20:19:17.756724Z,660.0,CWCSHZAX,7550,Don't know,49,Female,White,United States,United States,United States,English,No,Full-Time
666216fa7d44419f13ca90ac,580cab86b869700001d71628,APPROVED,Not Applicable,2024-06-06T20:07:25.569000Z,2024-06-06T20:26:48.934000Z,2024-06-07T18:43:54.269000Z,2024-06-06T20:29:35.220522Z,1164.0,CWCSHZAX,6680,Don't know,61,Female,White,United States,United States,United States,English,DATA_EXPIRED,Other
666216faf6468a49ccbfa2ad,6334b0fc574064de4e68f578,APPROVED,Not Applicable,2024-06-06T20:07:25.381000Z,2024-06-06T20:17:31.643000Z,2024-06-07T18:43:54.470000Z,2024-06-06T20:19:12.541153Z,607.0,CWCSHZAX,3184,No,63,Female,White,United States,United States,United States,English,No,Full-Time
666216fb73d4f98188a63faa,62e19208352cd518d7b2f085,RETURNED,Not Applicable,2024-06-06T20:07:23.720000Z,,,2024-06-26T18:43:57.683656Z,,,1951,CONSENT_REVOKED,CONSENT_REVOKED,CONSENT_REVOKED,CONSENT_REVOKED,CONSENT_REVOKED,CONSENT_REVOKED,CONSENT_REVOKED,CONSENT_REVOKED,CONSENT_REVOKED,CONSENT_REVOKED
666217264cbacf8a8f9eb389,663a30b2a631b1ab5e560e84,APPROVED,Not Applicable,2024-06-06T20:08:10.859000Z,2024-06-06T20:26:35.049000Z,2024-06-07T18:43:54.671000Z,2024-06-06T20:29:18.339104Z,1105.0,CWCSHZAX,169,No,57,Male,White,United States,United States,United States,English,No,"Not in paid work (e.g. homemaker', 'retired or disabled)"
6662172d070f7787d8e1ccc9,6658ff29bd32dc38300c7289,APPROVED,Not Applicable,2024-06-06T20:08:24.302000Z,2024-06-06T20:25:31.275000Z,2024-06-07T18:43:54.888000Z,2024-06-06T20:25:31.832200Z,1027.0,CWCSHZAX,55,No,29,Male,White,United States,United States,United States,English,No,Full-Time
6662177088a6364937fe4726,57b359fb869234000179f236,APPROVED,Not Applicable,2024-06-06T20:09:32.572000Z,2024-06-06T20:16:22.674000Z,2024-06-07T18:43:55.094000Z,2024-06-06T20:16:23.335577Z,411.0,CWCSHZAX,618,Don't know,40,Male,White,United States,United States,United States,English,No,Full-Time
66621772c4daad1f206c060d,6109f9b51cd7b3ab276450b0,APPROVED,Not Applicable,2024-06-06T20:09:30.751000Z,2024-06-06T20:28:40.734000Z,2024-06-07T18:43:55.293000Z,2024-06-06T20:31:30.136949Z,1150.0,CWCSHZAX,547,Don't know,64,Female,White,United States,United States,United States,English,No,"Not in paid work (e.g. homemaker', 'retired or disabled)"
6662177dc143ca548bcab0a9,633f03bb432dc8f74ab3a896,APPROVED,Not Applicable,2024-06-06T20:09:36.934000Z,2024-06-06T20:23:34.162000Z,2024-06-07T18:43:55.525000Z,2024-06-06T20:23:34.581063Z,838.0,CWCSHZAX,2976,Don't know,38,Male,Other,United States,United States,United States,English,No,Full-Time
666217a0e78f21dd82fcd71e,663ae47e103073abf50ca020,APPROVED,Not Applicable,2024-06-06T20:11:59.646000Z,2024-06-06T20:26:49.868000Z,2024-06-07T18:43:55.728000Z,2024-06-06T20:29:36.032022Z,891.0,CWCSHZAX,179,Don't know,33,Female,Asian,China,United States,China,Chinese,No,Full-Time
666217a4d74f30e3dfab3b5c,656de95d96d9c1b0bfa2ba83,APPROVED,Not Applicable,2024-06-06T20:10:38.209000Z,2024-06-06T20:48:07.745000Z,2024-06-07T18:43:55.940000Z,2024-06-06T20:48:08.367747Z,2250.0,CWCSHZAX,512,No,71,Female,Black,United States,United States,United States,English,No,Other
666217a6df6da65f4762dd6e,5adb8015f6b58c0001fa382f,APPROVED,Not Applicable,2024-06-06T20:13:45.234000Z,2024-06-06T20:21:41.395000Z,2024-06-07T18:43:56.151000Z,2024-06-06T20:21:48.256406Z,477.0,CWCSHZAX,2736,No,31,Male,White,United States,United States,United States,English,Yes,Part-Time
666217ae7e2840ac11ca90e4,5a09ebdf087f2e0001eae39f,APPROVED,Not Applicable,2024-06-06T20:10:27.246000Z,2024-06-06T20:29:10.819000Z,2024-06-07T18:43:56.360000Z,2024-06-06T20:31:42.728221Z,1124.0,CWCSHZAX,1242,Don't know,31,Female,White,United States,United States,United States,English,No,"Not in paid work (e.g. homemaker', 'retired or disabled)"
666217b50808ecf643b4508e,63eab29693a6eb7fd0174010,APPROVED,Not Applicable,2024-06-06T20:10:34.835000Z,2024-06-06T20:17:51.349000Z,2024-06-07T18:43:56.734000Z,2024-06-06T20:19:15.270883Z,437.0,CWCSHZAX,2891,Don't know,32,Female,Black,United States,United States,United States,English,No,Other
666217bc11990e887ceabee8,5efec82cf597a73e75e3fbe0,APPROVED,Not Applicable,2024-06-06T20:10:42.371000Z,2024-06-06T20:15:52.538000Z,2024-06-07T18:43:56.949000Z,2024-06-06T20:15:52.986448Z,311.0,CWCSHZAX,2364,No,22,Female,Asian,United States,United States,United States,English,No,Part-Time
666217f9857ab896ad90c8d3,5cba50bf114fa5001aac5570,RETURNED,Not Applicable,2024-06-06T20:22:00.018000Z,,,2024-06-26T18:43:57.714389Z,,,1501,CONSENT_REVOKED,CONSENT_REVOKED,CONSENT_REVOKED,CONSENT_REVOKED,CONSENT_REVOKED,CONSENT_REVOKED,CONSENT_REVOKED,CONSENT_REVOKED,CONSENT_REVOKED,CONSENT_REVOKED
66621806d6f27f0e889beba1,638d038b8d32d51c219a5aa2,APPROVED,Not Applicable,2024-06-06T20:11:57.303000Z,2024-06-06T20:25:28.261000Z,2024-06-07T18:43:57.154000Z,2024-06-06T21:25:29.292591Z,811.0,CWCSHZAX,549,No,68,Female,White,United States,United States,United States,English,No,Part-Time
66621806dfdbfc547c3c5cf2,5c819d075497fe0016a64c7e,APPROVED,Not Applicable,2024-06-06T20:11:56.353000Z,2024-06-06T20:20:02.470000Z,2024-06-07T18:43:57.362000Z,2024-06-06T20:20:52.953266Z,487.0,CWCSHZAX,193,Don't know,27,Male,White,United States,United States,United States,English,No,Full-Time
6662181c107cf8ff6cb19686,655773eb79e9adbeaaf00980,APPROVED,Not Applicable,2024-06-06T20:12:17.867000Z,2024-06-06T20:21:14.484000Z,2024-06-07T18:43:57.570000Z,2024-06-06T20:21:33.555953Z,537.0,CWCSHZAX,255,Don't know,29,Male,White,United States,United States,United States,English,DATA_EXPIRED,"Not in paid work (e.g. homemaker', 'retired or disabled)"
666218534cbacf8a8f9eb3cf,662feef92fff86ddfb5232a3,APPROVED,Not Applicable,2024-06-06T20:13:16.018000Z,2024-06-06T20:23:14.427000Z,2024-06-07T18:43:57.794000Z,2024-06-06T20:23:14.825877Z,599.0,CWCSHZAX,151,Don't know,34,Male,White,United States,United States,United States,English,No,Part-Time
6662185f106bcfd2a341c094,55b0029bfdf99b5c00619440,APPROVED,Not Applicable,2024-06-06T20:14:01.194000Z,2024-06-06T20:34:37.946000Z,2024-06-07T18:43:58.004000Z,2024-06-06T20:34:38.545482Z,1237.0,CWCSHZAX,2101,No,39,Female,Black,United States,United States,United States,English,DATA_EXPIRED,Part-Time
6662186647609bb8b9f3b785,6157c19fb6a876658eba2229,RETURNED,Not Applicable,2024-06-06T20:23:26.043000Z,,,2024-06-26T18:43:57.768971Z,,,761,CONSENT_REVOKED,CONSENT_REVOKED,CONSENT_REVOKED,CONSENT_REVOKED,CONSENT_REVOKED,CONSENT_REVOKED,CONSENT_REVOKED,CONSENT_REVOKED,CONSENT_REVOKED,CONSENT_REVOKED
66621870ec23614444716bb7,5b21c4ab31d0080001b9f55e,APPROVED,Not Applicable,2024-06-06T20:13:59.932000Z,2024-06-06T20:37:13.199000Z,2024-06-07T18:43:58.205000Z,2024-06-06T20:38:02.348535Z,1394.0,CWCSHZAX,5725,No,27,Female,White,United States,United States,United States,English,No,"Not in paid work (e.g. homemaker', 'retired or disabled)"
66621874d69f394e4ddfb040,583b397f54686200010f1d20,APPROVED,Not Applicable,2024-06-06T20:13:40.488000Z,2024-06-06T20:34:20.435000Z,2024-06-07T18:43:58.409000Z,2024-06-06T20:34:20.991569Z,1240.0,CWCSHZAX,9462,No,52,Female,Black,United States,United States,United States,English,No,Full-Time
6662187555529e3640da8b18,5e5410f5be932e06384a03ec,APPROVED,Not Applicable,2024-06-06T20:14:26.722000Z,2024-06-06T20:21:03.996000Z,2024-06-07T18:43:58.630000Z,2024-06-06T20:21:27.136119Z,398.0,CWCSHZAX,3547,Don't know,32,Male,Asian,United States,United States,United States,English,No,DATA_EXPIRED
666218be612c7c6a1e196db5,661c2e0c445d09870decb949,APPROVED,Not Applicable,2024-06-06T20:14:59.959000Z,2024-06-06T20:34:05.391000Z,2024-06-07T18:43:58.834000Z,2024-06-06T20:34:05.912771Z,1146.0,CWCSHZAX,326,No,25,Female,White,United States,United States,United States,English,Yes,Full-Time
666218d91af9044109854863,663043f63dbecb9fd3c400e8,APPROVED,Not Applicable,2024-06-06T20:15:25.957000Z,2024-06-06T20:24:47.476000Z,2024-06-07T18:43:59.053000Z,2024-06-06T20:24:47.948092Z,562.0,CWCSHZAX,333,Don't know,25,Female,White,United States,United States,United States,English,No,Full-Time
66621a7fb3fcb6b8f3c04c0f,65c10d42d5c2debb4d480be6,RETURNED,Not Applicable,2024-06-06T20:22:30.140000Z,,,2024-06-26T18:43:57.811751Z,,,661,CONSENT_REVOKED,CONSENT_REVOKED,CONSENT_REVOKED,CONSENT_REVOKED,CONSENT_REVOKED,CONSENT_REVOKED,CONSENT_REVOKED,CONSENT_REVOKED,CONSENT_REVOKED,CONSENT_REVOKED
66621cdf4d066a268d713d93,6606cca5b64c5bf8584b280f,APPROVED,Not Applicable,2024-06-06T20:32:34.373000Z,2024-06-06T20:42:07.811000Z,2024-06-07T18:43:59.258000Z,2024-06-06T20:43:11.341646Z,574.0,CWCSHZAX,528,Don't know,58,Female,White,United States,United States,United States,English,No,Full-Time
66621cdfd2a612f7678aa4a8,5e1371f92b12bd9a96c2d902,TIMED-OUT,Not Applicable,2024-06-06T20:32:37.536000Z,,,2024-06-26T18:43:57.827092Z,1721481.0,,5131,Don't know,43,Female,White,United States,United States,United States,English,No,Full-Time
66621fed315dbdc02711844a,65a7027c88eae2b9a68ae596,APPROVED,Not Applicable,2024-06-06T20:45:38.830000Z,2024-06-06T21:07:59.954000Z,2024-06-07T18:43:59.467000Z,2024-06-06T21:08:00.549787Z,1342.0,CWCSHZAX,1215,No,51,Female,White,United States,United States,United States,English,Yes,Part-Time
66622032ec2c98bc0c544370,5f0fa5d6f1db6e19c7702e0d,APPROVED,Not Applicable,2024-06-06T20:46:58.065000Z,2024-06-06T20:59:09.447000Z,2024-06-07T18:43:59.681000Z,2024-06-06T20:59:09.942050Z,732.0,CWCSHZAX,1597,Don't know,24,Male,Asian,United States,United States,United States,English,No,Unemployed (and job seeking)
666221a5a89d19b10f543e36,5ac16e870527ba0001c1f27e,APPROVED,Not Applicable,2024-06-06T20:52:57.415000Z,2024-06-06T21:10:04.541000Z,2024-06-07T18:43:59.882000Z,2024-06-06T21:10:05.218344Z,1028.0,CWCSHZAX,4631,Don't know,42,Male,Black,United States,United States,United States,English,No,Full-Time
666223778447b5a204ce7d86,66562cf5534c56c66e19d23d,APPROVED,Not Applicable,2024-06-06T21:00:46.127000Z,2024-06-06T21:08:43.210000Z,2024-06-07T18:44:00.121000Z,2024-06-06T21:08:44.608585Z,478.0,CWCSHZAX,60,Don't know,20,Male,White,United States,United States,United States,English,No,Part-Time
666225437285c2b8a514607c,5af1c4dfaec2b600010a96c9,APPROVED,Not Applicable,2024-06-06T21:08:27.015000Z,2024-06-06T21:23:22.244000Z,2024-06-07T18:44:00.371000Z,2024-06-06T21:23:24.396887Z,896.0,CWCSHZAX,794,No,55,Female,White,United States,United States,United States,English,No,"Not in paid work (e.g. homemaker', 'retired or disabled)"
66622a6659b2f7f17e747ec7,60ccbffae161aadb1880ad6c,APPROVED,Not Applicable,2024-06-06T21:30:17.355000Z,2024-06-06T21:37:19.803000Z,2024-06-07T18:44:00.590000Z,2024-06-06T21:37:20.428165Z,423.0,CWCSHZAX,6728,No,35,Female,White,United States,United States,United States,English,No,Full-Time
